Country,Country Code,Region,Year,Mortality_Rate,yhat_lower,yhat_upper,Model_Source,Model_Path
Afghanistan,AFG,South Asia,2025,2.337597983261096,-2.2499008519810104,7.054249634981555,country,saved/country_Afghanistan.pkl
Albania,ALB,Europe and Central Asia,2025,3.33736362202701,-1.0706557158830814,7.537148612794629,fallback_region:Europe and Central Asia,saved/region_Europe_and_Central_Asia.pkl
Algeria,DZA,Middle East and North Africa,2025,3.8306788977166484,-2.0364030396127735,9.473630952457233,fallback_region:Middle East and North Africa,saved/region_Middle_East_and_North_Africa.pkl
American Samoa,ASM,East Asia and Pacific,2025,-0.1800649210969412,-3.295091070288028,3.009127691650438,fallback_region:East Asia and Pacific,saved/region_East_Asia_and_Pacific.pkl
Angola,AGO,Sub-Saharan Africa,2025,0.48463622322887256,-0.28438184420243906,1.246008341791966,fallback_region:Sub-Saharan Africa,saved/region_Sub-Saharan_Africa.pkl
Antigua and Barbuda,ATG,Latin America and Caribbean,2025,-0.884106505634722,-10.365428534669595,8.999654014601932,fallback_region:Latin America and Caribbean,saved/region_Latin_America_and_Caribbean.pkl
Argentina,ARG,Latin America and Caribbean,2025,-0.884106505634722,-10.510370961723329,9.142655902543371,fallback_region:Latin America and Caribbean,saved/region_Latin_America_and_Caribbean.pkl
Armenia,ARM,Middle East and North Africa,2025,3.8306788977166484,-2.298134346817242,9.564515236952044,fallback_region:Middle East and North Africa,saved/region_Middle_East_and_North_Africa.pkl
Australia,AUS,East Asia and Pacific,2025,-0.017059604009252143,-0.6096207754927578,0.5853817517045224,country,saved/country_Australia.pkl
Austria,AUT,Europe and Central Asia,2025,3.33736362202701,-0.5798384932349677,7.148241085058181,fallback_region:Europe and Central Asia,saved/region_Europe_and_Central_Asia.pkl
Azerbaijan,AZE,Middle East and North Africa,2025,3.8306788977166484,-1.6134323258614576,9.037553835470668,fallback_region:Middle East and North Africa,saved/region_Middle_East_and_North_Africa.pkl
Bahamas,BHS,Latin America and Caribbean,2025,-0.884106505634722,-11.22691241159289,8.050704532655013,fallback_region:Latin America and Caribbean,saved/region_Latin_America_and_Caribbean.pkl
Bangladesh,BGD,South Asia,2025,-0.023184963553931008,-0.9697539460793622,0.8431865166438117,country,saved/country_Bangladesh.pkl
Barbados,BRB,Latin America and Caribbean,2025,-0.884106505634722,-10.91549634848309,8.360705586858252,fallback_region:Latin America and Caribbean,saved/region_Latin_America_and_Caribbean.pkl
Belarus,BLR,Europe and Central Asia,2025,3.33736362202701,-0.8296508718583242,7.813693723244254,fallback_region:Europe and Central Asia,saved/region_Europe_and_Central_Asia.pkl
Belgium,BEL,Europe and Central Asia,2025,3.33736362202701,-0.848685014383841,7.034024315813981,fallback_region:Europe and Central Asia,saved/region_Europe_and_Central_Asia.pkl
Belize,BLZ,Latin America and Caribbean,2025,-0.884106505634722,-10.797460223340622,9.293066680194196,fallback_region:Latin America and Caribbean,saved/region_Latin_America_and_Caribbean.pkl
Benin,BEN,Sub-Saharan Africa,2025,0.48463622322887256,-0.2986811421222346,1.227675785433088,fallback_region:Sub-Saharan Africa,saved/region_Sub-Saharan_Africa.pkl
Bermuda,BMU,North America,2025,0.21017308052293387,0.052913767944310415,0.38284064705758725,fallback_region:North America,saved/region_North_America.pkl
Bhutan,BTN,South Asia,2025,-0.23065600930895674,-1.415199599369551,1.067695126461073,fallback_region:South Asia,saved/region_South_Asia.pkl
Bolivia (Plurinational State of),BOL,Latin America and Caribbean,2025,-0.884106505634722,-10.702281442503851,8.635176037891283,fallback_region:Latin America and Caribbean,saved/region_Latin_America_and_Caribbean.pkl
Bosnia and Herzegovina,BIH,Europe and Central Asia,2025,3.33736362202701,-0.9951244446817031,7.444085400806798,fallback_region:Europe and Central Asia,saved/region_Europe_and_Central_Asia.pkl
Botswana,BWA,Sub-Saharan Africa,2025,0.48463622322887256,-0.31238455261261316,1.2702447939825816,fallback_region:Sub-Saharan Africa,saved/region_Sub-Saharan_Africa.pkl
Brazil,BRA,Latin America and Caribbean,2025,0.10546183451704187,-0.023293218440574578,0.23227023375802752,country,saved/country_Brazil.pkl
British Virgin Islands,VGB,Latin America and Caribbean,2025,-0.884106505634722,-10.60572545074383,8.50323300104936,fallback_region:Latin America and Caribbean,saved/region_Latin_America_and_Caribbean.pkl
Bulgaria,BGR,Europe and Central Asia,2025,3.33736362202701,-0.7972112621333068,7.3106324151595805,fallback_region:Europe and Central Asia,saved/region_Europe_and_Central_Asia.pkl
Burkina Faso,BFA,Sub-Saharan Africa,2025,0.48463622322887256,-0.2709624880009521,1.2619848814077677,fallback_region:Sub-Saharan Africa,saved/region_Sub-Saharan_Africa.pkl
Burundi,BDI,Sub-Saharan Africa,2025,0.48463622322887256,-0.279216926626816,1.2943237588433603,fallback_region:Sub-Saharan Africa,saved/region_Sub-Saharan_Africa.pkl
Cabo Verde,CPV,Sub-Saharan Africa,2025,0.48463622322887256,-0.24485733088885242,1.2339772880154594,fallback_region:Sub-Saharan Africa,saved/region_Sub-Saharan_Africa.pkl
Cambodia,KHM,East Asia and Pacific,2025,-0.1800649210969412,-3.274959175220928,2.8886752207965163,fallback_region:East Asia and Pacific,saved/region_East_Asia_and_Pacific.pkl
Cameroon,CMR,Sub-Saharan Africa,2025,0.48463622322887256,-0.3525035630509223,1.2773473060424418,fallback_region:Sub-Saharan Africa,saved/region_Sub-Saharan_Africa.pkl
Canada,CAN,North America,2025,0.21017308052293387,0.04821743109838632,0.3705708177970059,fallback_region:North America,saved/region_North_America.pkl
Cayman Islands,CYM,Latin America and Caribbean,2025,-0.884106505634722,-10.161818449955318,8.417271844248658,fallback_region:Latin America and Caribbean,saved/region_Latin_America_and_Caribbean.pkl
Central African Republic,CAF,Sub-Saharan Africa,2025,0.48463622322887256,-0.30627467671314534,1.2348153224010225,fallback_region:Sub-Saharan Africa,saved/region_Sub-Saharan_Africa.pkl
Chad,TCD,Sub-Saharan Africa,2025,0.48463622322887256,-0.3319408825606116,1.2271769137781752,fallback_region:Sub-Saharan Africa,saved/region_Sub-Saharan_Africa.pkl
Chile,CHL,Latin America and Caribbean,2025,-0.884106505634722,-10.231004488490758,8.804891983009206,fallback_region:Latin America and Caribbean,saved/region_Latin_America_and_Caribbean.pkl
China,CHN,East Asia and Pacific,2025,-0.2069503660874966,-1.7242711880195913,1.465693764805247,country,saved/country_China.pkl
"China, Hong Kong Special Administrative Region",HKG,East Asia and Pacific,2025,-0.1800649210969412,-3.4728033939140093,2.9696307354531766,fallback_region:East Asia and Pacific,saved/region_East_Asia_and_Pacific.pkl
"China, Macao Special Administrative Region",MAC,East Asia and Pacific,2025,-0.1800649210969412,-3.3653784199303374,3.085321603580744,fallback_region:East Asia and Pacific,saved/region_East_Asia_and_Pacific.pkl
Colombia,COL,Latin America and Caribbean,2025,0.20517963794581728,-0.16522293321908577,0.5681817392141685,country,saved/country_Colombia.pkl
Comoros,COM,Sub-Saharan Africa,2025,0.48463622322887256,-0.2924255066007038,1.2873925969997366,fallback_region:Sub-Saharan Africa,saved/region_Sub-Saharan_Africa.pkl
Congo,COG,Sub-Saharan Africa,2025,0.48463622322887256,-0.31597938062960157,1.2809115989749804,fallback_region:Sub-Saharan Africa,saved/region_Sub-Saharan_Africa.pkl
Costa Rica,CRI,Latin America and Caribbean,2025,-0.884106505634722,-11.028148983555226,9.023944102145663,fallback_region:Latin America and Caribbean,saved/region_Latin_America_and_Caribbean.pkl
Croatia,HRV,Europe and Central Asia,2025,3.33736362202701,-0.7216034422290495,7.395657360873348,fallback_region:Europe and Central Asia,saved/region_Europe_and_Central_Asia.pkl
Cuba,CUB,Latin America and Caribbean,2025,-0.884106505634722,-10.509406156210092,9.261121427953787,fallback_region:Latin America and Caribbean,saved/region_Latin_America_and_Caribbean.pkl
Cyprus,CYP,Middle East and North Africa,2025,3.8306788977166484,-1.8621546465662806,9.33109124708892,fallback_region:Middle East and North Africa,saved/region_Middle_East_and_North_Africa.pkl
Czechia,CZE,Europe and Central Asia,2025,3.33736362202701,-0.8908876209248369,7.6080787569882595,fallback_region:Europe and Central Asia,saved/region_Europe_and_Central_Asia.pkl
Côte d’Ivoire,CIV,Sub-Saharan Africa,2025,0.48463622322887256,-0.32548190612971245,1.2512583237242902,fallback_region:Sub-Saharan Africa,saved/region_Sub-Saharan_Africa.pkl
Democratic People's Republic of Korea,PRK,East Asia and Pacific,2025,-0.1800649210969412,-3.117723151706472,3.2546249205663753,fallback_region:East Asia and Pacific,saved/region_East_Asia_and_Pacific.pkl
Democratic Republic of the Congo,COD,Sub-Saharan Africa,2025,0.8811615727721185,-0.8440408889562958,2.698325611139,country,saved/country_Democratic_Republic_of_the_Congo.pkl
Denmark,DNK,Europe and Central Asia,2025,3.33736362202701,-0.8955154347144407,7.567026382331207,fallback_region:Europe and Central Asia,saved/region_Europe_and_Central_Asia.pkl
Djibouti,DJI,Sub-Saharan Africa,2025,0.48463622322887256,-0.2983421735269781,1.2982717017923995,fallback_region:Sub-Saharan Africa,saved/region_Sub-Saharan_Africa.pkl
Dominica,DMA,Latin America and Caribbean,2025,-0.884106505634722,-10.852890297368795,8.631363704735179,fallback_region:Latin America and Caribbean,saved/region_Latin_America_and_Caribbean.pkl
Dominican Republic,DOM,Latin America and Caribbean,2025,-0.884106505634722,-9.473543031430403,9.059167036230773,fallback_region:Latin America and Caribbean,saved/region_Latin_America_and_Caribbean.pkl
Ecuador,ECU,Latin America and Caribbean,2025,-0.884106505634722,-10.346342421952592,8.99844090424171,fallback_region:Latin America and Caribbean,saved/region_Latin_America_and_Caribbean.pkl
Egypt,EGY,Middle East and North Africa,2025,3.8306788977166484,-1.9537049052499695,9.620879071556418,fallback_region:Middle East and North Africa,saved/region_Middle_East_and_North_Africa.pkl
El Salvador,SLV,Latin America and Caribbean,2025,-0.884106505634722,-10.373384170002026,9.288681872171376,fallback_region:Latin America and Caribbean,saved/region_Latin_America_and_Caribbean.pkl
Equatorial Guinea,GNQ,Sub-Saharan Africa,2025,0.48463622322887256,-0.33303776267148216,1.290155309149049,fallback_region:Sub-Saharan Africa,saved/region_Sub-Saharan_Africa.pkl
Eritrea,ERI,Sub-Saharan Africa,2025,0.48463622322887256,-0.31123638959632416,1.2703028504436715,fallback_region:Sub-Saharan Africa,saved/region_Sub-Saharan_Africa.pkl
Estonia,EST,Europe and Central Asia,2025,3.33736362202701,-0.6299680579412739,7.332413102606657,fallback_region:Europe and Central Asia,saved/region_Europe_and_Central_Asia.pkl
Eswatini,SWZ,Sub-Saharan Africa,2025,0.48463622322887256,-0.2700706312268568,1.2542130024183922,fallback_region:Sub-Saharan Africa,saved/region_Sub-Saharan_Africa.pkl
Ethiopia,ETH,Sub-Saharan Africa,2025,0.48463622322887256,-0.3184419272654122,1.238799193340068,fallback_region:Sub-Saharan Africa,saved/region_Sub-Saharan_Africa.pkl
Fiji,FJI,East Asia and Pacific,2025,-0.1800649210969412,-3.4252011431503226,2.976292417628744,fallback_region:East Asia and Pacific,saved/region_East_Asia_and_Pacific.pkl
Finland,FIN,Europe and Central Asia,2025,3.33736362202701,-0.7839792884676074,7.681595198375935,fallback_region:Europe and Central Asia,saved/region_Europe_and_Central_Asia.pkl
France,FRA,Europe and Central Asia,2025,1.4817628120378892,-5.999660538988036,8.763582570345976,country,saved/country_France.pkl
French Polynesia,PYF,East Asia and Pacific,2025,-0.1800649210969412,-3.612357291496684,2.984164916260957,fallback_region:East Asia and Pacific,saved/region_East_Asia_and_Pacific.pkl
Gabon,GAB,Sub-Saharan Africa,2025,0.48463622322887256,-0.32169109353085806,1.2623510881896234,fallback_region:Sub-Saharan Africa,saved/region_Sub-Saharan_Africa.pkl
Gambia,GMB,Sub-Saharan Africa,2025,0.48463622322887256,-0.2790264778057326,1.2538897810660545,fallback_region:Sub-Saharan Africa,saved/region_Sub-Saharan_Africa.pkl
Georgia,GEO,Middle East and North Africa,2025,3.8306788977166484,-2.24154515745058,10.131723655680494,fallback_region:Middle East and North Africa,saved/region_Middle_East_and_North_Africa.pkl
Germany,DEU,Europe and Central Asia,2025,3.33736362202701,-0.5845820560546534,8.041703005033886,fallback_region:Europe and Central Asia,saved/region_Europe_and_Central_Asia.pkl
Ghana,GHA,Sub-Saharan Africa,2025,0.48463622322887256,-0.23447359129093756,1.300089102194518,fallback_region:Sub-Saharan Africa,saved/region_Sub-Saharan_Africa.pkl
Greece,GRC,Europe and Central Asia,2025,3.33736362202701,-0.9834867729864724,7.606526924073255,fallback_region:Europe and Central Asia,saved/region_Europe_and_Central_Asia.pkl
Grenada,GRD,Latin America and Caribbean,2025,-0.884106505634722,-10.873453022368185,9.886738954466635,fallback_region:Latin America and Caribbean,saved/region_Latin_America_and_Caribbean.pkl
Guam,GUM,East Asia and Pacific,2025,-0.1800649210969412,-3.2141795425856383,2.9396835526905143,fallback_region:East Asia and Pacific,saved/region_East_Asia_and_Pacific.pkl
Guatemala,GTM,Latin America and Caribbean,2025,0.3868851702066967,-2.627901778343987,3.3664174596104885,country,saved/country_Guatemala.pkl
Guinea,GIN,Sub-Saharan Africa,2025,0.48463622322887256,-0.3400763792423573,1.2974080371445535,fallback_region:Sub-Saharan Africa,saved/region_Sub-Saharan_Africa.pkl
Guinea-Bissau,GNB,Sub-Saharan Africa,2025,0.48463622322887256,-0.3148241089057834,1.2534471065403856,fallback_region:Sub-Saharan Africa,saved/region_Sub-Saharan_Africa.pkl
Guyana,GUY,Latin America and Caribbean,2025,-0.884106505634722,-11.187487611837188,9.37373336088377,fallback_region:Latin America and Caribbean,saved/region_Latin_America_and_Caribbean.pkl
Haiti,HTI,Latin America and Caribbean,2025,-59.69887452424803,-602.9624608415313,514.8999772458163,country,saved/country_Haiti.pkl
Honduras,HND,Latin America and Caribbean,2025,-0.884106505634722,-9.859707303218034,8.918486869282846,fallback_region:Latin America and Caribbean,saved/region_Latin_America_and_Caribbean.pkl
Hungary,HUN,Europe and Central Asia,2025,3.33736362202701,-0.771781939614721,7.534690685688999,fallback_region:Europe and Central Asia,saved/region_Europe_and_Central_Asia.pkl
Iceland,ISL,Europe and Central Asia,2025,3.33736362202701,-1.0045186570428735,7.415935391872636,fallback_region:Europe and Central Asia,saved/region_Europe_and_Central_Asia.pkl
India,IND,South Asia,2025,0.04104313074265205,-0.41584657586699003,0.5206240970967848,country,saved/country_India.pkl
Indonesia,IDN,East Asia and Pacific,2025,-2.680242457665576,-21.103789226988795,15.072748141563494,country,saved/country_Indonesia.pkl
Iran (Islamic Republic of),IRN,South Asia,2025,-1.9340344818242505,-11.007573628418955,7.166193619766063,country,saved/country_Iran_(Islamic_Republic_of).pkl
Iraq,IRQ,Middle East and North Africa,2025,3.8306788977166484,-2.3674380395884485,9.504120868646572,fallback_region:Middle East and North Africa,saved/region_Middle_East_and_North_Africa.pkl
Ireland,IRL,Europe and Central Asia,2025,3.33736362202701,-1.0132934901147848,7.46334726480525,fallback_region:Europe and Central Asia,saved/region_Europe_and_Central_Asia.pkl
Israel,ISR,Middle East and North Africa,2025,3.8306788977166484,-2.2132462603737655,9.46416678638967,fallback_region:Middle East and North Africa,saved/region_Middle_East_and_North_Africa.pkl
Italy,ITA,Europe and Central Asia,2025,22.881188107188457,12.594053471568305,33.27223001001752,country,saved/country_Italy.pkl
Jamaica,JAM,Latin America and Caribbean,2025,-0.884106505634722,-10.624901122677247,8.727919642441709,fallback_region:Latin America and Caribbean,saved/region_Latin_America_and_Caribbean.pkl
Japan,JPN,East Asia and Pacific,2025,-0.17447713889875235,-3.6677657142203577,3.7197260906970713,country,saved/country_Japan.pkl
Jordan,JOR,Middle East and North Africa,2025,3.8306788977166484,-1.7983555111844578,9.48697126456116,fallback_region:Middle East and North Africa,saved/region_Middle_East_and_North_Africa.pkl
Kazakhstan,KAZ,Europe and Central Asia,2025,3.33736362202701,-0.7941701565006886,7.568694644151843,fallback_region:Europe and Central Asia,saved/region_Europe_and_Central_Asia.pkl
Kenya,KEN,Sub-Saharan Africa,2025,0.36532832872376875,0.08001243510458757,0.6939610315705369,country,saved/country_Kenya.pkl
Kiribati,KIR,East Asia and Pacific,2025,-0.1800649210969412,-3.264540393570844,3.0914130154698336,fallback_region:East Asia and Pacific,saved/region_East_Asia_and_Pacific.pkl
Kuwait,KWT,Middle East and North Africa,2025,3.8306788977166484,-1.94257571603267,9.719579357916624,fallback_region:Middle East and North Africa,saved/region_Middle_East_and_North_Africa.pkl
Kyrgyzstan,KGZ,Europe and Central Asia,2025,3.33736362202701,-1.0741676521456147,7.75508609597196,fallback_region:Europe and Central Asia,saved/region_Europe_and_Central_Asia.pkl
Lao People's Democratic Republic,LAO,East Asia and Pacific,2025,-0.1800649210969412,-3.647147016353654,3.153722419977738,fallback_region:East Asia and Pacific,saved/region_East_Asia_and_Pacific.pkl
Latvia,LVA,Europe and Central Asia,2025,3.33736362202701,-0.9711419835683276,7.440006767104939,fallback_region:Europe and Central Asia,saved/region_Europe_and_Central_Asia.pkl
Lebanon,LBN,Middle East and North Africa,2025,3.8306788977166484,-1.8879456995852106,9.541024193523183,fallback_region:Middle East and North Africa,saved/region_Middle_East_and_North_Africa.pkl
Lesotho,LSO,Sub-Saharan Africa,2025,0.48463622322887256,-0.3248665426675179,1.2398131570356026,fallback_region:Sub-Saharan Africa,saved/region_Sub-Saharan_Africa.pkl
Liberia,LBR,Sub-Saharan Africa,2025,0.48463622322887256,-0.29084854659954873,1.2773734928308593,fallback_region:Sub-Saharan Africa,saved/region_Sub-Saharan_Africa.pkl
Libya,LBY,Middle East and North Africa,2025,3.8306788977166484,-1.4519376427419137,9.834574549788018,fallback_region:Middle East and North Africa,saved/region_Middle_East_and_North_Africa.pkl
Liechtenstein,LIE,Europe and Central Asia,2025,3.33736362202701,-1.004624868252358,7.319226851614366,fallback_region:Europe and Central Asia,saved/region_Europe_and_Central_Asia.pkl
Lithuania,LTU,Europe and Central Asia,2025,3.33736362202701,-0.8815128657229455,7.6733713607049445,fallback_region:Europe and Central Asia,saved/region_Europe_and_Central_Asia.pkl
Luxembourg,LUX,Europe and Central Asia,2025,3.33736362202701,-0.9463357057698386,7.6289901771626365,fallback_region:Europe and Central Asia,saved/region_Europe_and_Central_Asia.pkl
Madagascar,MDG,Sub-Saharan Africa,2025,0.04393056400799007,-0.8907000338852313,0.9362642479249198,country,saved/country_Madagascar.pkl
Malawi,MWI,Sub-Saharan Africa,2025,0.48463622322887256,-0.2853445884271861,1.2324362483365738,fallback_region:Sub-Saharan Africa,saved/region_Sub-Saharan_Africa.pkl
Malaysia,MYS,East Asia and Pacific,2025,-0.1800649210969412,-3.464918857449517,3.001098235379525,fallback_region:East Asia and Pacific,saved/region_East_Asia_and_Pacific.pkl
Maldives,MDV,South Asia,2025,-0.23065600930895674,-1.5166012324364082,1.0887226289974252,fallback_region:South Asia,saved/region_South_Asia.pkl
Mali,MLI,Sub-Saharan Africa,2025,0.48463622322887256,-0.3159569807720306,1.2633303243103022,fallback_region:Sub-Saharan Africa,saved/region_Sub-Saharan_Africa.pkl
Malta,MLT,Europe and Central Asia,2025,3.33736362202701,-0.7281826489826154,7.585688814397443,fallback_region:Europe and Central Asia,saved/region_Europe_and_Central_Asia.pkl
Marshall Islands,MHL,East Asia and Pacific,2025,-0.1800649210969412,-3.431576620951919,3.0821302942891946,fallback_region:East Asia and Pacific,saved/region_East_Asia_and_Pacific.pkl
Mauritania,MRT,Sub-Saharan Africa,2025,0.48463622322887256,-0.2874393406212122,1.191191339786961,fallback_region:Sub-Saharan Africa,saved/region_Sub-Saharan_Africa.pkl
Mauritius,MUS,Sub-Saharan Africa,2025,0.48463622322887256,-0.2659776620241658,1.3177890597131856,fallback_region:Sub-Saharan Africa,saved/region_Sub-Saharan_Africa.pkl
Mexico,MEX,Latin America and Caribbean,2025,0.08885702575521072,-0.028501847653198964,0.20020828815224093,country,saved/country_Mexico.pkl
Micronesia (Federated States of),FSM,East Asia and Pacific,2025,-0.1800649210969412,-3.512634672113939,3.0905261783678437,fallback_region:East Asia and Pacific,saved/region_East_Asia_and_Pacific.pkl
Mongolia,MNG,East Asia and Pacific,2025,-0.1800649210969412,-3.364109388518706,2.8755246373854426,fallback_region:East Asia and Pacific,saved/region_East_Asia_and_Pacific.pkl
Montenegro,MNE,Europe and Central Asia,2025,3.33736362202701,-0.9739371202238494,7.124348775312728,fallback_region:Europe and Central Asia,saved/region_Europe_and_Central_Asia.pkl
Morocco,MAR,Middle East and North Africa,2025,3.8306788977166484,-1.7491956977256384,9.790592935154665,fallback_region:Middle East and North Africa,saved/region_Middle_East_and_North_Africa.pkl
Mozambique,MOZ,Sub-Saharan Africa,2025,0.4808485019864406,-0.5665330655255103,1.5666889540183024,country,saved/country_Mozambique.pkl
Myanmar,MMR,East Asia and Pacific,2025,-0.1800649210969412,-3.319044662144361,2.9682285270393804,fallback_region:East Asia and Pacific,saved/region_East_Asia_and_Pacific.pkl
Namibia,NAM,Sub-Saharan Africa,2025,0.48463622322887256,-0.2972092508843822,1.2965749441789862,fallback_region:Sub-Saharan Africa,saved/region_Sub-Saharan_Africa.pkl
Nepal,NPL,South Asia,2025,2.943577974332674,-4.836698078894875,10.814643567907586,country,saved/country_Nepal.pkl
Netherlands (Kingdom of the),NLD,Europe and Central Asia,2025,3.33736362202701,-0.735356060246518,7.337730718610806,fallback_region:Europe and Central Asia,saved/region_Europe_and_Central_Asia.pkl
New Caledonia,NCL,East Asia and Pacific,2025,-0.1800649210969412,-3.333120130114651,2.921718398301756,fallback_region:East Asia and Pacific,saved/region_East_Asia_and_Pacific.pkl
New Zealand,NZL,East Asia and Pacific,2025,-0.1800649210969412,-3.167304923433669,3.0213902674675803,fallback_region:East Asia and Pacific,saved/region_East_Asia_and_Pacific.pkl
Nicaragua,NIC,Latin America and Caribbean,2025,-0.884106505634722,-11.705268797662688,8.665766508792895,fallback_region:Latin America and Caribbean,saved/region_Latin_America_and_Caribbean.pkl
Niger,NER,Sub-Saharan Africa,2025,0.600345528982204,-0.2453983810758983,1.3767491226615447,country,saved/country_Niger.pkl
Nigeria,NGA,Sub-Saharan Africa,2025,0.46850325588112396,-0.02634869092538489,0.9423785791186555,country,saved/country_Nigeria.pkl
North Macedonia,MKD,Europe and Central Asia,2025,3.33736362202701,-0.9148811323194126,7.077022573403947,fallback_region:Europe and Central Asia,saved/region_Europe_and_Central_Asia.pkl
Northern Mariana Islands,MNP,East Asia and Pacific,2025,-0.1800649210969412,-3.2305682159533493,3.1014380335876166,fallback_region:East Asia and Pacific,saved/region_East_Asia_and_Pacific.pkl
Norway,NOR,Europe and Central Asia,2025,3.33736362202701,-1.0656092735833016,7.593017421849198,fallback_region:Europe and Central Asia,saved/region_Europe_and_Central_Asia.pkl
Oman,OMN,Middle East and North Africa,2025,3.8306788977166484,-2.0818285961606118,9.325605937193016,fallback_region:Middle East and North Africa,saved/region_Middle_East_and_North_Africa.pkl
Pakistan,PAK,South Asia,2025,-0.9279059055096692,-11.300277522064238,9.247706316308648,country,saved/country_Pakistan.pkl
Palau,PLW,East Asia and Pacific,2025,-0.1800649210969412,-3.23353968877582,3.0178171284862723,fallback_region:East Asia and Pacific,saved/region_East_Asia_and_Pacific.pkl
Panama,PAN,Latin America and Caribbean,2025,-0.884106505634722,-10.830197553739245,8.998725625826859,fallback_region:Latin America and Caribbean,saved/region_Latin_America_and_Caribbean.pkl
Papua New Guinea,PNG,East Asia and Pacific,2025,-0.1800649210969412,-3.505366835452182,3.137802496331632,fallback_region:East Asia and Pacific,saved/region_East_Asia_and_Pacific.pkl
Paraguay,PRY,Latin America and Caribbean,2025,-0.884106505634722,-10.932261402330212,8.31538398542411,fallback_region:Latin America and Caribbean,saved/region_Latin_America_and_Caribbean.pkl
Peru,PER,Latin America and Caribbean,2025,0.2013786455573667,-0.611063083107928,1.0298680776317388,country,saved/country_Peru.pkl
Philippines,PHL,East Asia and Pacific,2025,-0.03663691954684596,-1.8767147589609883,1.7819618787789033,country,saved/country_Philippines.pkl
Poland,POL,Europe and Central Asia,2025,3.7828866972033293,3.0274860171548346,4.460325028439385,country,saved/country_Poland.pkl
Portugal,PRT,Europe and Central Asia,2025,3.33736362202701,-0.9267635477508691,7.711452779137209,fallback_region:Europe and Central Asia,saved/region_Europe_and_Central_Asia.pkl
Puerto Rico,PRI,Latin America and Caribbean,2025,-0.884106505634722,-10.261029375539927,8.183341591711839,fallback_region:Latin America and Caribbean,saved/region_Latin_America_and_Caribbean.pkl
Qatar,QAT,Middle East and North Africa,2025,3.8306788977166484,-1.7459119181022982,9.334451185415805,fallback_region:Middle East and North Africa,saved/region_Middle_East_and_North_Africa.pkl
Republic of Korea,KOR,East Asia and Pacific,2025,-0.1800649210969412,-3.213861595238395,3.1145420996010467,fallback_region:East Asia and Pacific,saved/region_East_Asia_and_Pacific.pkl
Republic of Moldova,MDA,Europe and Central Asia,2025,3.33736362202701,-0.6528564219862784,7.204693855073167,fallback_region:Europe and Central Asia,saved/region_Europe_and_Central_Asia.pkl
Romania,ROU,Europe and Central Asia,2025,23.95544259870323,21.06889922002943,26.688036751508058,country,saved/country_Romania.pkl
Russian Federation,RUS,Europe and Central Asia,2025,3.33736362202701,-0.7019907227726254,7.451457182668722,fallback_region:Europe and Central Asia,saved/region_Europe_and_Central_Asia.pkl
Rwanda,RWA,Sub-Saharan Africa,2025,0.48463622322887256,-0.30822660878706765,1.2848317858917502,fallback_region:Sub-Saharan Africa,saved/region_Sub-Saharan_Africa.pkl
Saint Kitts and Nevis,KNA,Latin America and Caribbean,2025,-0.884106505634722,-10.82487679731126,8.622900628469113,fallback_region:Latin America and Caribbean,saved/region_Latin_America_and_Caribbean.pkl
Saint Lucia,LCA,Latin America and Caribbean,2025,-0.884106505634722,-10.653793245600184,8.70594864973095,fallback_region:Latin America and Caribbean,saved/region_Latin_America_and_Caribbean.pkl
Saint Martin (French Part),MAF,Latin America and Caribbean,2025,-0.884106505634722,-10.613532072121158,9.304103623909876,fallback_region:Latin America and Caribbean,saved/region_Latin_America_and_Caribbean.pkl
Saint Vincent and the Grenadines,VCT,Latin America and Caribbean,2025,-0.884106505634722,-9.741699511263743,8.948090669110579,fallback_region:Latin America and Caribbean,saved/region_Latin_America_and_Caribbean.pkl
Samoa,WSM,East Asia and Pacific,2025,-0.1800649210969412,-3.5572177285075726,2.9740343551222943,fallback_region:East Asia and Pacific,saved/region_East_Asia_and_Pacific.pkl
Sao Tome and Principe,STP,Sub-Saharan Africa,2025,0.48463622322887256,-0.23377200852974,1.2500771103689767,fallback_region:Sub-Saharan Africa,saved/region_Sub-Saharan_Africa.pkl
Saudi Arabia,SAU,Middle East and North Africa,2025,3.8306788977166484,-1.664080637910813,9.755740770298305,fallback_region:Middle East and North Africa,saved/region_Middle_East_and_North_Africa.pkl
Senegal,SEN,Sub-Saharan Africa,2025,0.48463622322887256,-0.28872884727024967,1.2910567315569148,fallback_region:Sub-Saharan Africa,saved/region_Sub-Saharan_Africa.pkl
Serbia,SRB,Europe and Central Asia,2025,3.33736362202701,-1.2579695471974395,7.505311326695363,fallback_region:Europe and Central Asia,saved/region_Europe_and_Central_Asia.pkl
Seychelles,SYC,Sub-Saharan Africa,2025,0.48463622322887256,-0.2560172857503908,1.2550610552665533,fallback_region:Sub-Saharan Africa,saved/region_Sub-Saharan_Africa.pkl
Sierra Leone,SLE,Sub-Saharan Africa,2025,0.48463622322887256,-0.3015649551546246,1.2714411619014876,fallback_region:Sub-Saharan Africa,saved/region_Sub-Saharan_Africa.pkl
Singapore,SGP,East Asia and Pacific,2025,-0.1800649210969412,-3.455068832741225,3.089500685754623,fallback_region:East Asia and Pacific,saved/region_East_Asia_and_Pacific.pkl
Sint Maarten (Dutch part),SXM,Latin America and Caribbean,2025,-0.884106505634722,-10.363958658455196,8.998879223050292,fallback_region:Latin America and Caribbean,saved/region_Latin_America_and_Caribbean.pkl
Slovakia,SVK,Europe and Central Asia,2025,3.33736362202701,-0.9887141355586256,7.260199335997728,fallback_region:Europe and Central Asia,saved/region_Europe_and_Central_Asia.pkl
Slovenia,SVN,Europe and Central Asia,2025,3.33736362202701,-0.7294394178091226,7.770835842278178,fallback_region:Europe and Central Asia,saved/region_Europe_and_Central_Asia.pkl
Solomon Islands,SLB,East Asia and Pacific,2025,-0.1800649210969412,-3.50711757468976,3.0540088853458194,fallback_region:East Asia and Pacific,saved/region_East_Asia_and_Pacific.pkl
Somalia,SOM,Sub-Saharan Africa,2025,0.48463622322887256,-0.3371739657746265,1.2687874285891703,fallback_region:Sub-Saharan Africa,saved/region_Sub-Saharan_Africa.pkl
South Africa,ZAF,Sub-Saharan Africa,2025,0.2578213063537952,0.039312237730371805,0.48657306530463995,country,saved/country_South_Africa.pkl
South Sudan,SSD,Sub-Saharan Africa,2025,0.48463622322887256,-0.3063929154972351,1.3038157745143315,fallback_region:Sub-Saharan Africa,saved/region_Sub-Saharan_Africa.pkl
Spain,ESP,Europe and Central Asia,2025,3.33736362202701,-0.4014528516508033,7.819179830599416,fallback_region:Europe and Central Asia,saved/region_Europe_and_Central_Asia.pkl
Sri Lanka,LKA,South Asia,2025,-6.521418657341079,-48.05194521988404,40.43528022510473,country,saved/country_Sri_Lanka.pkl
State of Palestine,PSE,Middle East and North Africa,2025,3.8306788977166484,-2.1298588111213763,9.835071799903606,fallback_region:Middle East and North Africa,saved/region_Middle_East_and_North_Africa.pkl
Sudan,SDN,Middle East and North Africa,2025,0.6653024352932762,-0.6327727105274026,2.0454622248871086,country,saved/country_Sudan.pkl
Suriname,SUR,Latin America and Caribbean,2025,-0.884106505634722,-10.267700958492005,9.286797313446108,fallback_region:Latin America and Caribbean,saved/region_Latin_America_and_Caribbean.pkl
Sweden,SWE,Europe and Central Asia,2025,3.33736362202701,-0.6575095883333849,7.20906210603928,fallback_region:Europe and Central Asia,saved/region_Europe_and_Central_Asia.pkl
Switzerland,CHE,Europe and Central Asia,2025,3.33736362202701,-0.9700024955517431,7.620098712159986,fallback_region:Europe and Central Asia,saved/region_Europe_and_Central_Asia.pkl
Syrian Arab Republic,SYR,Middle East and North Africa,2025,3.8306788977166484,-1.7053417882868052,9.370667052592564,fallback_region:Middle East and North Africa,saved/region_Middle_East_and_North_Africa.pkl
Tajikistan,TJK,Europe and Central Asia,2025,3.33736362202701,-0.9365198255621161,7.623343186704393,fallback_region:Europe and Central Asia,saved/region_Europe_and_Central_Asia.pkl
Thailand,THA,East Asia and Pacific,2025,-0.4465364753566019,-3.5160910711943885,2.627873994927165,country,saved/country_Thailand.pkl
Timor-Leste,TLS,East Asia and Pacific,2025,-0.1800649210969412,-3.492774201514905,3.2001238590877046,fallback_region:East Asia and Pacific,saved/region_East_Asia_and_Pacific.pkl
Togo,TGO,Sub-Saharan Africa,2025,0.48463622322887256,-0.313005837270776,1.2763614594952986,fallback_region:Sub-Saharan Africa,saved/region_Sub-Saharan_Africa.pkl
Tonga,TON,East Asia and Pacific,2025,-0.1800649210969412,-3.39582695931627,2.734545256485376,fallback_region:East Asia and Pacific,saved/region_East_Asia_and_Pacific.pkl
Trinidad and Tobago,TTO,Latin America and Caribbean,2025,-0.884106505634722,-10.798242190699108,8.466787117659875,fallback_region:Latin America and Caribbean,saved/region_Latin_America_and_Caribbean.pkl
Tunisia,TUN,Middle East and North Africa,2025,3.8306788977166484,-2.2508308576792624,9.389538703188686,fallback_region:Middle East and North Africa,saved/region_Middle_East_and_North_Africa.pkl
Turkmenistan,TKM,Europe and Central Asia,2025,3.33736362202701,-0.8824078359975481,7.639438356939987,fallback_region:Europe and Central Asia,saved/region_Europe_and_Central_Asia.pkl
Turks and Caicos Islands,TCA,Latin America and Caribbean,2025,-0.884106505634722,-11.239110817076883,8.502495130465336,fallback_region:Latin America and Caribbean,saved/region_Latin_America_and_Caribbean.pkl
Tuvalu,TUV,East Asia and Pacific,2025,-0.1800649210969412,-3.437569045530233,2.9557774896625713,fallback_region:East Asia and Pacific,saved/region_East_Asia_and_Pacific.pkl
Türkiye,TUR,Middle East and North Africa,2025,3.8306788977166484,-1.710717588580226,9.580020603894816,fallback_region:Middle East and North Africa,saved/region_Middle_East_and_North_Africa.pkl
Uganda,UGA,Sub-Saharan Africa,2025,0.8600825236457986,-0.6005562568592835,2.138395872262019,country,saved/country_Uganda.pkl
Ukraine,UKR,Europe and Central Asia,2025,3.33736362202701,-0.583225762511631,7.749995825220549,fallback_region:Europe and Central Asia,saved/region_Europe_and_Central_Asia.pkl
United Arab Emirates,ARE,Middle East and North Africa,2025,3.8306788977166484,-1.7183744722731062,9.577488412401763,fallback_region:Middle East and North Africa,saved/region_Middle_East_and_North_Africa.pkl
United Kingdom of Great Britain and Northern Ireland,GBR,Europe and Central Asia,2025,3.33736362202701,-0.9603154951855587,7.721280104292994,fallback_region:Europe and Central Asia,saved/region_Europe_and_Central_Asia.pkl
United Republic of Tanzania,TZA,Sub-Saharan Africa,2025,0.48463622322887256,-0.31935033145916836,1.3059295274939264,fallback_region:Sub-Saharan Africa,saved/region_Sub-Saharan_Africa.pkl
United States Virgin Islands,VIR,Latin America and Caribbean,2025,-0.884106505634722,-10.497636624237444,8.933156025897642,fallback_region:Latin America and Caribbean,saved/region_Latin_America_and_Caribbean.pkl
United States of America,USA,North America,2025,0.16326317695475742,-0.011229369913412151,0.34371937499050786,country,saved/country_United_States_of_America.pkl
Uruguay,URY,Latin America and Caribbean,2025,-0.884106505634722,-10.200166769495079,8.538905642484552,fallback_region:Latin America and Caribbean,saved/region_Latin_America_and_Caribbean.pkl
Uzbekistan,UZB,Europe and Central Asia,2025,3.33736362202701,-0.8623732744621738,7.460086654901859,fallback_region:Europe and Central Asia,saved/region_Europe_and_Central_Asia.pkl
Vanuatu,VUT,East Asia and Pacific,2025,-0.1800649210969412,-3.107559713474287,2.8652311489790616,fallback_region:East Asia and Pacific,saved/region_East_Asia_and_Pacific.pkl
Venezuela (Bolivarian Republic of),VEN,Latin America and Caribbean,2025,-0.884106505634722,-10.283076251065344,9.04176703968695,fallback_region:Latin America and Caribbean,saved/region_Latin_America_and_Caribbean.pkl
Viet Nam,VNM,East Asia and Pacific,2025,0.08630710357225231,-0.11866288322597557,0.30001389790612665,country,saved/country_Viet_Nam.pkl
Yemen,YEM,Middle East and North Africa,2025,3.8306788977166484,-1.735920590613215,9.49341655360058,fallback_region:Middle East and North Africa,saved/region_Middle_East_and_North_Africa.pkl
Zambia,ZMB,Sub-Saharan Africa,2025,0.48463622322887256,-0.3394354380617555,1.2972333854735851,fallback_region:Sub-Saharan Africa,saved/region_Sub-Saharan_Africa.pkl
Zimbabwe,ZWE,Sub-Saharan Africa,2025,0.48463622322887256,-0.33480347903698726,1.276634941766706,fallback_region:Sub-Saharan Africa,saved/region_Sub-Saharan_Africa.pkl
Afghanistan,AFG,South Asia,2026,2.44927227312633,-1.936792262525792,6.825340377805718,country,saved/country_Afghanistan.pkl
Albania,ALB,Europe and Central Asia,2026,3.4494572194969226,-0.7412230436928816,7.508133485195995,fallback_region:Europe and Central Asia,saved/region_Europe_and_Central_Asia.pkl
Algeria,DZA,Middle East and North Africa,2026,4.029287261457757,-2.0100897521000705,9.793128605510299,fallback_region:Middle East and North Africa,saved/region_Middle_East_and_North_Africa.pkl
American Samoa,ASM,East Asia and Pacific,2026,-0.270452392312998,-3.3755728226367006,2.92412592652712,fallback_region:East Asia and Pacific,saved/region_East_Asia_and_Pacific.pkl
Angola,AGO,Sub-Saharan Africa,2026,0.46316365285610744,-0.34718788555546015,1.212279632698449,fallback_region:Sub-Saharan Africa,saved/region_Sub-Saharan_Africa.pkl
Antigua and Barbuda,ATG,Latin America and Caribbean,2026,-1.2131752848091097,-10.840717441974148,8.198697255315652,fallback_region:Latin America and Caribbean,saved/region_Latin_America_and_Caribbean.pkl
Argentina,ARG,Latin America and Caribbean,2026,-1.2131752848091097,-10.893641801866696,8.391813669905948,fallback_region:Latin America and Caribbean,saved/region_Latin_America_and_Caribbean.pkl
Armenia,ARM,Middle East and North Africa,2026,4.029287261457757,-1.6678509235476076,9.67031822068735,fallback_region:Middle East and North Africa,saved/region_Middle_East_and_North_Africa.pkl
Australia,AUS,East Asia and Pacific,2026,-0.03836977254058493,-0.6440116027214497,0.5332496510832648,country,saved/country_Australia.pkl
Austria,AUT,Europe and Central Asia,2026,3.4494572194969226,-0.9150030587856355,7.604818272846863,fallback_region:Europe and Central Asia,saved/region_Europe_and_Central_Asia.pkl
Azerbaijan,AZE,Middle East and North Africa,2026,4.029287261457757,-1.9073429812586007,9.465961901853726,fallback_region:Middle East and North Africa,saved/region_Middle_East_and_North_Africa.pkl
Bahamas,BHS,Latin America and Caribbean,2026,-1.2131752848091097,-10.973460412159122,8.490872957271304,fallback_region:Latin America and Caribbean,saved/region_Latin_America_and_Caribbean.pkl
Bangladesh,BGD,South Asia,2026,-0.049973466769889056,-0.9495453252068373,0.8552726297277096,country,saved/country_Bangladesh.pkl
Barbados,BRB,Latin America and Caribbean,2026,-1.2131752848091097,-10.799213854619985,8.505912837163521,fallback_region:Latin America and Caribbean,saved/region_Latin_America_and_Caribbean.pkl
Belarus,BLR,Europe and Central Asia,2026,3.4494572194969226,-0.44291566964545415,7.794216243487241,fallback_region:Europe and Central Asia,saved/region_Europe_and_Central_Asia.pkl
Belgium,BEL,Europe and Central Asia,2026,3.4494572194969226,-0.7880773916851667,7.752649791375097,fallback_region:Europe and Central Asia,saved/region_Europe_and_Central_Asia.pkl
Belize,BLZ,Latin America and Caribbean,2026,-1.2131752848091097,-10.725019421042008,9.072886902254949,fallback_region:Latin America and Caribbean,saved/region_Latin_America_and_Caribbean.pkl
Benin,BEN,Sub-Saharan Africa,2026,0.46316365285610744,-0.3350911138965587,1.2768130777295048,fallback_region:Sub-Saharan Africa,saved/region_Sub-Saharan_Africa.pkl
Bermuda,BMU,North America,2026,0.21920371632833674,0.043131220664460575,0.3889495059845365,fallback_region:North America,saved/region_North_America.pkl
Bhutan,BTN,South Asia,2026,-0.302778864982613,-1.6553866970891165,0.9247737332304066,fallback_region:South Asia,saved/region_South_Asia.pkl
Bolivia (Plurinational State of),BOL,Latin America and Caribbean,2026,-1.2131752848091097,-10.316898830083378,8.633307851814742,fallback_region:Latin America and Caribbean,saved/region_Latin_America_and_Caribbean.pkl
Bosnia and Herzegovina,BIH,Europe and Central Asia,2026,3.4494572194969226,-0.6695364022228507,7.662561154866081,fallback_region:Europe and Central Asia,saved/region_Europe_and_Central_Asia.pkl
Botswana,BWA,Sub-Saharan Africa,2026,0.46316365285610744,-0.3363887495607385,1.2477011828685856,fallback_region:Sub-Saharan Africa,saved/region_Sub-Saharan_Africa.pkl
Brazil,BRA,Latin America and Caribbean,2026,0.1063239859509351,-0.035034602094150616,0.23499600198239914,country,saved/country_Brazil.pkl
British Virgin Islands,VGB,Latin America and Caribbean,2026,-1.2131752848091097,-10.564155135696,8.399021193303764,fallback_region:Latin America and Caribbean,saved/region_Latin_America_and_Caribbean.pkl
Bulgaria,BGR,Europe and Central Asia,2026,3.4494572194969226,-0.8067657336641268,7.870274446756369,fallback_region:Europe and Central Asia,saved/region_Europe_and_Central_Asia.pkl
Burkina Faso,BFA,Sub-Saharan Africa,2026,0.46316365285610744,-0.2934608352294572,1.2260854243569925,fallback_region:Sub-Saharan Africa,saved/region_Sub-Saharan_Africa.pkl
Burundi,BDI,Sub-Saharan Africa,2026,0.46316365285610744,-0.3131750622261961,1.2678918236032113,fallback_region:Sub-Saharan Africa,saved/region_Sub-Saharan_Africa.pkl
Cabo Verde,CPV,Sub-Saharan Africa,2026,0.46316365285610744,-0.2986528110359926,1.2565464861792297,fallback_region:Sub-Saharan Africa,saved/region_Sub-Saharan_Africa.pkl
Cambodia,KHM,East Asia and Pacific,2026,-0.270452392312998,-3.4220888309666035,2.772749864073667,fallback_region:East Asia and Pacific,saved/region_East_Asia_and_Pacific.pkl
Cameroon,CMR,Sub-Saharan Africa,2026,0.46316365285610744,-0.3122711321287827,1.2843708812287389,fallback_region:Sub-Saharan Africa,saved/region_Sub-Saharan_Africa.pkl
Canada,CAN,North America,2026,0.21920371632833674,0.0516733934697492,0.3751645431785744,fallback_region:North America,saved/region_North_America.pkl
Cayman Islands,CYM,Latin America and Caribbean,2026,-1.2131752848091097,-11.102203615105097,8.269048153731879,fallback_region:Latin America and Caribbean,saved/region_Latin_America_and_Caribbean.pkl
Central African Republic,CAF,Sub-Saharan Africa,2026,0.46316365285610744,-0.38022416174551205,1.223269153875236,fallback_region:Sub-Saharan Africa,saved/region_Sub-Saharan_Africa.pkl
Chad,TCD,Sub-Saharan Africa,2026,0.46316365285610744,-0.297552590168529,1.2649017714462842,fallback_region:Sub-Saharan Africa,saved/region_Sub-Saharan_Africa.pkl
Chile,CHL,Latin America and Caribbean,2026,-1.2131752848091097,-11.487270874920767,8.320828986333845,fallback_region:Latin America and Caribbean,saved/region_Latin_America_and_Caribbean.pkl
China,CHN,East Asia and Pacific,2026,-0.2627130303780221,-1.8025070239235663,1.2457677820554613,country,saved/country_China.pkl
"China, Hong Kong Special Administrative Region",HKG,East Asia and Pacific,2026,-0.270452392312998,-3.3088337511981,3.141413031716228,fallback_region:East Asia and Pacific,saved/region_East_Asia_and_Pacific.pkl
"China, Macao Special Administrative Region",MAC,East Asia and Pacific,2026,-0.270452392312998,-3.2786317109904513,2.9598648851537326,fallback_region:East Asia and Pacific,saved/region_East_Asia_and_Pacific.pkl
Colombia,COL,Latin America and Caribbean,2026,0.19610048395247953,-0.1876068569039856,0.5460500103505179,country,saved/country_Colombia.pkl
Comoros,COM,Sub-Saharan Africa,2026,0.46316365285610744,-0.3080297973126343,1.2302820570575757,fallback_region:Sub-Saharan Africa,saved/region_Sub-Saharan_Africa.pkl
Congo,COG,Sub-Saharan Africa,2026,0.46316365285610744,-0.3165647287346108,1.2476715238340377,fallback_region:Sub-Saharan Africa,saved/region_Sub-Saharan_Africa.pkl
Costa Rica,CRI,Latin America and Caribbean,2026,-1.2131752848091097,-10.954947125898453,8.681102435665998,fallback_region:Latin America and Caribbean,saved/region_Latin_America_and_Caribbean.pkl
Croatia,HRV,Europe and Central Asia,2026,3.4494572194969226,-0.9573624789121747,7.686048175853633,fallback_region:Europe and Central Asia,saved/region_Europe_and_Central_Asia.pkl
Cuba,CUB,Latin America and Caribbean,2026,-1.2131752848091097,-11.568567572056935,9.131394644639016,fallback_region:Latin America and Caribbean,saved/region_Latin_America_and_Caribbean.pkl
Cyprus,CYP,Middle East and North Africa,2026,4.029287261457757,-1.7234450368742955,9.69673616051357,fallback_region:Middle East and North Africa,saved/region_Middle_East_and_North_Africa.pkl
Czechia,CZE,Europe and Central Asia,2026,3.4494572194969226,-0.8054627035818495,7.6849432431742555,fallback_region:Europe and Central Asia,saved/region_Europe_and_Central_Asia.pkl
Côte d’Ivoire,CIV,Sub-Saharan Africa,2026,0.46316365285610744,-0.34018080296422826,1.2106101325069163,fallback_region:Sub-Saharan Africa,saved/region_Sub-Saharan_Africa.pkl
Democratic People's Republic of Korea,PRK,East Asia and Pacific,2026,-0.270452392312998,-3.3646917207495823,2.7661956636178897,fallback_region:East Asia and Pacific,saved/region_East_Asia_and_Pacific.pkl
Democratic Republic of the Congo,COD,Sub-Saharan Africa,2026,0.8739394974397566,-1.0048477926986732,2.5455396981374494,country,saved/country_Democratic_Republic_of_the_Congo.pkl
Denmark,DNK,Europe and Central Asia,2026,3.4494572194969226,-0.516325265814203,7.54099168088968,fallback_region:Europe and Central Asia,saved/region_Europe_and_Central_Asia.pkl
Djibouti,DJI,Sub-Saharan Africa,2026,0.46316365285610744,-0.3465741369028542,1.242211611447658,fallback_region:Sub-Saharan Africa,saved/region_Sub-Saharan_Africa.pkl
Dominica,DMA,Latin America and Caribbean,2026,-1.2131752848091097,-10.579734733272874,8.517552365072815,fallback_region:Latin America and Caribbean,saved/region_Latin_America_and_Caribbean.pkl
Dominican Republic,DOM,Latin America and Caribbean,2026,-1.2131752848091097,-10.829580148830933,8.36475288455778,fallback_region:Latin America and Caribbean,saved/region_Latin_America_and_Caribbean.pkl
Ecuador,ECU,Latin America and Caribbean,2026,-1.2131752848091097,-10.375414463187393,8.443782491379144,fallback_region:Latin America and Caribbean,saved/region_Latin_America_and_Caribbean.pkl
Egypt,EGY,Middle East and North Africa,2026,4.029287261457757,-1.3943192967514402,9.587515513451557,fallback_region:Middle East and North Africa,saved/region_Middle_East_and_North_Africa.pkl
El Salvador,SLV,Latin America and Caribbean,2026,-1.2131752848091097,-10.713059939665929,8.748830201942505,fallback_region:Latin America and Caribbean,saved/region_Latin_America_and_Caribbean.pkl
Equatorial Guinea,GNQ,Sub-Saharan Africa,2026,0.46316365285610744,-0.3277390427526917,1.2441610609707094,fallback_region:Sub-Saharan Africa,saved/region_Sub-Saharan_Africa.pkl
Eritrea,ERI,Sub-Saharan Africa,2026,0.46316365285610744,-0.35293601243731915,1.2178544890710494,fallback_region:Sub-Saharan Africa,saved/region_Sub-Saharan_Africa.pkl
Estonia,EST,Europe and Central Asia,2026,3.4494572194969226,-1.106685550947785,7.466599335911463,fallback_region:Europe and Central Asia,saved/region_Europe_and_Central_Asia.pkl
Eswatini,SWZ,Sub-Saharan Africa,2026,0.46316365285610744,-0.33486935546122665,1.2395369113141264,fallback_region:Sub-Saharan Africa,saved/region_Sub-Saharan_Africa.pkl
Ethiopia,ETH,Sub-Saharan Africa,2026,0.46316365285610744,-0.3238258115289954,1.3040264581254895,fallback_region:Sub-Saharan Africa,saved/region_Sub-Saharan_Africa.pkl
Fiji,FJI,East Asia and Pacific,2026,-0.270452392312998,-3.2748636011672483,2.8013513797482443,fallback_region:East Asia and Pacific,saved/region_East_Asia_and_Pacific.pkl
Finland,FIN,Europe and Central Asia,2026,3.4494572194969226,-0.9316867711069612,7.935587539909384,fallback_region:Europe and Central Asia,saved/region_Europe_and_Central_Asia.pkl
France,FRA,Europe and Central Asia,2026,1.4159389415261545,-6.02868196193572,9.176467636350207,country,saved/country_France.pkl
French Polynesia,PYF,East Asia and Pacific,2026,-0.270452392312998,-3.493307782056162,2.9420820223653164,fallback_region:East Asia and Pacific,saved/region_East_Asia_and_Pacific.pkl
Gabon,GAB,Sub-Saharan Africa,2026,0.46316365285610744,-0.41186652049257255,1.2070637141237872,fallback_region:Sub-Saharan Africa,saved/region_Sub-Saharan_Africa.pkl
Gambia,GMB,Sub-Saharan Africa,2026,0.46316365285610744,-0.29579598875551566,1.239595052376699,fallback_region:Sub-Saharan Africa,saved/region_Sub-Saharan_Africa.pkl
Georgia,GEO,Middle East and North Africa,2026,4.029287261457757,-1.7584646978371086,9.842876834000318,fallback_region:Middle East and North Africa,saved/region_Middle_East_and_North_Africa.pkl
Germany,DEU,Europe and Central Asia,2026,3.4494572194969226,-1.0361268883788912,7.649590980527281,fallback_region:Europe and Central Asia,saved/region_Europe_and_Central_Asia.pkl
Ghana,GHA,Sub-Saharan Africa,2026,0.46316365285610744,-0.2794432650116267,1.2480246537585944,fallback_region:Sub-Saharan Africa,saved/region_Sub-Saharan_Africa.pkl
Greece,GRC,Europe and Central Asia,2026,3.4494572194969226,-0.7209402552990731,7.651605019201332,fallback_region:Europe and Central Asia,saved/region_Europe_and_Central_Asia.pkl
Grenada,GRD,Latin America and Caribbean,2026,-1.2131752848091097,-10.926603223162553,8.526354177328573,fallback_region:Latin America and Caribbean,saved/region_Latin_America_and_Caribbean.pkl
Guam,GUM,East Asia and Pacific,2026,-0.270452392312998,-3.5022990442768505,2.870861605142128,fallback_region:East Asia and Pacific,saved/region_East_Asia_and_Pacific.pkl
Guatemala,GTM,Latin America and Caribbean,2026,0.34058995732024333,-2.598774974597877,3.309648514075288,country,saved/country_Guatemala.pkl
Guinea,GIN,Sub-Saharan Africa,2026,0.46316365285610744,-0.30516469235310856,1.268083092391589,fallback_region:Sub-Saharan Africa,saved/region_Sub-Saharan_Africa.pkl
Guinea-Bissau,GNB,Sub-Saharan Africa,2026,0.46316365285610744,-0.3044375770591965,1.2486590670812039,fallback_region:Sub-Saharan Africa,saved/region_Sub-Saharan_Africa.pkl
Guyana,GUY,Latin America and Caribbean,2026,-1.2131752848091097,-10.959257341254483,8.504476465550598,fallback_region:Latin America and Caribbean,saved/region_Latin_America_and_Caribbean.pkl
Haiti,HTI,Latin America and Caribbean,2026,-78.4512965683006,-621.7025640210594,496.6685622053363,country,saved/country_Haiti.pkl
Honduras,HND,Latin America and Caribbean,2026,-1.2131752848091097,-10.815724228911632,8.511618632121808,fallback_region:Latin America and Caribbean,saved/region_Latin_America_and_Caribbean.pkl
Hungary,HUN,Europe and Central Asia,2026,3.4494572194969226,-0.7415712816176047,7.90774406219447,fallback_region:Europe and Central Asia,saved/region_Europe_and_Central_Asia.pkl
Iceland,ISL,Europe and Central Asia,2026,3.4494572194969226,-0.6780450335204214,7.69798355943373,fallback_region:Europe and Central Asia,saved/region_Europe_and_Central_Asia.pkl
India,IND,South Asia,2026,0.026316196201054593,-0.46013033308759,0.5004415821653408,country,saved/country_India.pkl
Indonesia,IDN,East Asia and Pacific,2026,-3.140343337079257,-21.286491558801405,14.58732667737256,country,saved/country_Indonesia.pkl
Iran (Islamic Republic of),IRN,South Asia,2026,-2.2153561900871863,-11.213582371269188,7.780861417256137,country,saved/country_Iran_(Islamic_Republic_of).pkl
Iraq,IRQ,Middle East and North Africa,2026,4.029287261457757,-2.041729564304103,9.793009243073156,fallback_region:Middle East and North Africa,saved/region_Middle_East_and_North_Africa.pkl
Ireland,IRL,Europe and Central Asia,2026,3.4494572194969226,-0.6482835312153382,7.4635509996392,fallback_region:Europe and Central Asia,saved/region_Europe_and_Central_Asia.pkl
Israel,ISR,Middle East and North Africa,2026,4.029287261457757,-1.8767491012124966,9.740759135403371,fallback_region:Middle East and North Africa,saved/region_Middle_East_and_North_Africa.pkl
Italy,ITA,Europe and Central Asia,2026,25.611512238662336,15.57408267890144,37.40301799305729,country,saved/country_Italy.pkl
Jamaica,JAM,Latin America and Caribbean,2026,-1.2131752848091097,-10.504449077186798,9.008288077908126,fallback_region:Latin America and Caribbean,saved/region_Latin_America_and_Caribbean.pkl
Japan,JPN,East Asia and Pacific,2026,-0.30167397094111575,-3.8072258202815163,3.2736143101153656,country,saved/country_Japan.pkl
Jordan,JOR,Middle East and North Africa,2026,4.029287261457757,-1.6767166213095643,9.458430783108454,fallback_region:Middle East and North Africa,saved/region_Middle_East_and_North_Africa.pkl
Kazakhstan,KAZ,Europe and Central Asia,2026,3.4494572194969226,-0.617542078617835,7.679776895146557,fallback_region:Europe and Central Asia,saved/region_Europe_and_Central_Asia.pkl
Kenya,KEN,Sub-Saharan Africa,2026,0.3680944679418243,0.051986068672099234,0.6773927838761739,country,saved/country_Kenya.pkl
Kiribati,KIR,East Asia and Pacific,2026,-0.270452392312998,-3.303786719505392,3.0052185335903254,fallback_region:East Asia and Pacific,saved/region_East_Asia_and_Pacific.pkl
Kuwait,KWT,Middle East and North Africa,2026,4.029287261457757,-1.6707854781901803,9.63402942265068,fallback_region:Middle East and North Africa,saved/region_Middle_East_and_North_Africa.pkl
Kyrgyzstan,KGZ,Europe and Central Asia,2026,3.4494572194969226,-0.8620283697091841,7.7843255262901865,fallback_region:Europe and Central Asia,saved/region_Europe_and_Central_Asia.pkl
Lao People's Democratic Republic,LAO,East Asia and Pacific,2026,-0.270452392312998,-3.296652072380882,2.783252369675081,fallback_region:East Asia and Pacific,saved/region_East_Asia_and_Pacific.pkl
Latvia,LVA,Europe and Central Asia,2026,3.4494572194969226,-0.92151862057385,7.751835763782954,fallback_region:Europe and Central Asia,saved/region_Europe_and_Central_Asia.pkl
Lebanon,LBN,Middle East and North Africa,2026,4.029287261457757,-1.886575265345658,10.056927426498747,fallback_region:Middle East and North Africa,saved/region_Middle_East_and_North_Africa.pkl
Lesotho,LSO,Sub-Saharan Africa,2026,0.46316365285610744,-0.31389912980976314,1.2047025745422406,fallback_region:Sub-Saharan Africa,saved/region_Sub-Saharan_Africa.pkl
Liberia,LBR,Sub-Saharan Africa,2026,0.46316365285610744,-0.3915252181302056,1.255757077024425,fallback_region:Sub-Saharan Africa,saved/region_Sub-Saharan_Africa.pkl
Libya,LBY,Middle East and North Africa,2026,4.029287261457757,-1.5019203401200267,9.750804507486482,fallback_region:Middle East and North Africa,saved/region_Middle_East_and_North_Africa.pkl
Liechtenstein,LIE,Europe and Central Asia,2026,3.4494572194969226,-0.7268386409186129,7.668880366778682,fallback_region:Europe and Central Asia,saved/region_Europe_and_Central_Asia.pkl
Lithuania,LTU,Europe and Central Asia,2026,3.4494572194969226,-0.6977808258021082,7.48769375628539,fallback_region:Europe and Central Asia,saved/region_Europe_and_Central_Asia.pkl
Luxembourg,LUX,Europe and Central Asia,2026,3.4494572194969226,-0.37124211481210695,7.664108841523013,fallback_region:Europe and Central Asia,saved/region_Europe_and_Central_Asia.pkl
Madagascar,MDG,Sub-Saharan Africa,2026,0.006841106193165208,-1.0308044791787099,0.9279809490999267,country,saved/country_Madagascar.pkl
Malawi,MWI,Sub-Saharan Africa,2026,0.46316365285610744,-0.2686438625455929,1.2717760612551938,fallback_region:Sub-Saharan Africa,saved/region_Sub-Saharan_Africa.pkl
Malaysia,MYS,East Asia and Pacific,2026,-0.270452392312998,-3.5586433450918316,2.6327551395546007,fallback_region:East Asia and Pacific,saved/region_East_Asia_and_Pacific.pkl
Maldives,MDV,South Asia,2026,-0.302778864982613,-1.5563726259602364,0.92829226547373,fallback_region:South Asia,saved/region_South_Asia.pkl
Mali,MLI,Sub-Saharan Africa,2026,0.46316365285610744,-0.33776844207304174,1.2111878310369537,fallback_region:Sub-Saharan Africa,saved/region_Sub-Saharan_Africa.pkl
Malta,MLT,Europe and Central Asia,2026,3.4494572194969226,-0.7998485344332966,7.804820114348175,fallback_region:Europe and Central Asia,saved/region_Europe_and_Central_Asia.pkl
Marshall Islands,MHL,East Asia and Pacific,2026,-0.270452392312998,-3.4662276390575006,2.881584183334014,fallback_region:East Asia and Pacific,saved/region_East_Asia_and_Pacific.pkl
Mauritania,MRT,Sub-Saharan Africa,2026,0.46316365285610744,-0.3294429251788957,1.2853340395573647,fallback_region:Sub-Saharan Africa,saved/region_Sub-Saharan_Africa.pkl
Mauritius,MUS,Sub-Saharan Africa,2026,0.46316365285610744,-0.34845256723867596,1.275772218705746,fallback_region:Sub-Saharan Africa,saved/region_Sub-Saharan_Africa.pkl
Mexico,MEX,Latin America and Caribbean,2026,0.08902806976391403,-0.02290881329652069,0.2094223304611706,country,saved/country_Mexico.pkl
Micronesia (Federated States of),FSM,East Asia and Pacific,2026,-0.270452392312998,-3.208535843102989,3.129431613565849,fallback_region:East Asia and Pacific,saved/region_East_Asia_and_Pacific.pkl
Mongolia,MNG,East Asia and Pacific,2026,-0.270452392312998,-3.4664126823651618,2.8025497776883252,fallback_region:East Asia and Pacific,saved/region_East_Asia_and_Pacific.pkl
Montenegro,MNE,Europe and Central Asia,2026,3.4494572194969226,-0.6267503741021786,7.577477060459185,fallback_region:Europe and Central Asia,saved/region_Europe_and_Central_Asia.pkl
Morocco,MAR,Middle East and North Africa,2026,4.029287261457757,-1.8810216564929898,9.736530855330443,fallback_region:Middle East and North Africa,saved/region_Middle_East_and_North_Africa.pkl
Mozambique,MOZ,Sub-Saharan Africa,2026,0.47981380234556,-0.5133710827693089,1.581231847361179,country,saved/country_Mozambique.pkl
Myanmar,MMR,East Asia and Pacific,2026,-0.270452392312998,-3.515810100207188,2.878033161477644,fallback_region:East Asia and Pacific,saved/region_East_Asia_and_Pacific.pkl
Namibia,NAM,Sub-Saharan Africa,2026,0.46316365285610744,-0.32117244711180787,1.2457588770159456,fallback_region:Sub-Saharan Africa,saved/region_Sub-Saharan_Africa.pkl
Nepal,NPL,South Asia,2026,3.0016595385371803,-4.929952349425367,10.565714360779891,country,saved/country_Nepal.pkl
Netherlands (Kingdom of the),NLD,Europe and Central Asia,2026,3.4494572194969226,-0.8862142115393904,7.8221623280429835,fallback_region:Europe and Central Asia,saved/region_Europe_and_Central_Asia.pkl
New Caledonia,NCL,East Asia and Pacific,2026,-0.270452392312998,-3.5825124801159087,3.0561857431972936,fallback_region:East Asia and Pacific,saved/region_East_Asia_and_Pacific.pkl
New Zealand,NZL,East Asia and Pacific,2026,-0.270452392312998,-3.395389088883521,2.92006718552714,fallback_region:East Asia and Pacific,saved/region_East_Asia_and_Pacific.pkl
Nicaragua,NIC,Latin America and Caribbean,2026,-1.2131752848091097,-10.680677620511307,8.665743434813365,fallback_region:Latin America and Caribbean,saved/region_Latin_America_and_Caribbean.pkl
Niger,NER,Sub-Saharan Africa,2026,0.5978942956454157,-0.2796231562215746,1.4046263962840437,country,saved/country_Niger.pkl
Nigeria,NGA,Sub-Saharan Africa,2026,0.4760689088841473,0.017531476254849142,1.0035863752417382,country,saved/country_Nigeria.pkl
North Macedonia,MKD,Europe and Central Asia,2026,3.4494572194969226,-0.692584184262121,7.7094153238306005,fallback_region:Europe and Central Asia,saved/region_Europe_and_Central_Asia.pkl
Northern Mariana Islands,MNP,East Asia and Pacific,2026,-0.270452392312998,-3.5666926864040174,3.147646944571329,fallback_region:East Asia and Pacific,saved/region_East_Asia_and_Pacific.pkl
Norway,NOR,Europe and Central Asia,2026,3.4494572194969226,-0.6112493091802342,7.710878925140526,fallback_region:Europe and Central Asia,saved/region_Europe_and_Central_Asia.pkl
Oman,OMN,Middle East and North Africa,2026,4.029287261457757,-1.3920813229347846,10.106588621343848,fallback_region:Middle East and North Africa,saved/region_Middle_East_and_North_Africa.pkl
Pakistan,PAK,South Asia,2026,-1.1497578436115372,-10.835396327563751,9.246930389282642,country,saved/country_Pakistan.pkl
Palau,PLW,East Asia and Pacific,2026,-0.270452392312998,-3.546460320782625,2.84396017092797,fallback_region:East Asia and Pacific,saved/region_East_Asia_and_Pacific.pkl
Panama,PAN,Latin America and Caribbean,2026,-1.2131752848091097,-10.892286303020308,8.288174988194832,fallback_region:Latin America and Caribbean,saved/region_Latin_America_and_Caribbean.pkl
Papua New Guinea,PNG,East Asia and Pacific,2026,-0.270452392312998,-3.4668182659499553,2.937763527638495,fallback_region:East Asia and Pacific,saved/region_East_Asia_and_Pacific.pkl
Paraguay,PRY,Latin America and Caribbean,2026,-1.2131752848091097,-10.951446314543887,7.662000950410713,fallback_region:Latin America and Caribbean,saved/region_Latin_America_and_Caribbean.pkl
Peru,PER,Latin America and Caribbean,2026,0.1645178201791652,-0.6895431405365855,1.0260343221346395,country,saved/country_Peru.pkl
Philippines,PHL,East Asia and Pacific,2026,-0.18448446899464205,-2.004773078545639,1.6826919600373185,country,saved/country_Philippines.pkl
Poland,POL,Europe and Central Asia,2026,4.4127214310788965,3.757670317359063,5.128002970413247,country,saved/country_Poland.pkl
Portugal,PRT,Europe and Central Asia,2026,3.4494572194969226,-0.3787019295160161,7.851193669455083,fallback_region:Europe and Central Asia,saved/region_Europe_and_Central_Asia.pkl
Puerto Rico,PRI,Latin America and Caribbean,2026,-1.2131752848091097,-10.854900474028003,9.033922252007356,fallback_region:Latin America and Caribbean,saved/region_Latin_America_and_Caribbean.pkl
Qatar,QAT,Middle East and North Africa,2026,4.029287261457757,-1.562952586090192,10.278958162249973,fallback_region:Middle East and North Africa,saved/region_Middle_East_and_North_Africa.pkl
Republic of Korea,KOR,East Asia and Pacific,2026,-0.270452392312998,-3.52719149874842,2.931030721013469,fallback_region:East Asia and Pacific,saved/region_East_Asia_and_Pacific.pkl
Republic of Moldova,MDA,Europe and Central Asia,2026,3.4494572194969226,-0.9935246546557484,7.949766148769106,fallback_region:Europe and Central Asia,saved/region_Europe_and_Central_Asia.pkl
Romania,ROU,Europe and Central Asia,2026,28.09131332749813,25.22859326918302,30.82796240932418,country,saved/country_Romania.pkl
Russian Federation,RUS,Europe and Central Asia,2026,3.4494572194969226,-0.4811547715494444,7.629317313417443,fallback_region:Europe and Central Asia,saved/region_Europe_and_Central_Asia.pkl
Rwanda,RWA,Sub-Saharan Africa,2026,0.46316365285610744,-0.32800474056326123,1.257575653791766,fallback_region:Sub-Saharan Africa,saved/region_Sub-Saharan_Africa.pkl
Saint Kitts and Nevis,KNA,Latin America and Caribbean,2026,-1.2131752848091097,-10.872650708493875,8.204225329449928,fallback_region:Latin America and Caribbean,saved/region_Latin_America_and_Caribbean.pkl
Saint Lucia,LCA,Latin America and Caribbean,2026,-1.2131752848091097,-10.962666726752937,7.505240819287094,fallback_region:Latin America and Caribbean,saved/region_Latin_America_and_Caribbean.pkl
Saint Martin (French Part),MAF,Latin America and Caribbean,2026,-1.2131752848091097,-10.473468928819406,8.650193013570467,fallback_region:Latin America and Caribbean,saved/region_Latin_America_and_Caribbean.pkl
Saint Vincent and the Grenadines,VCT,Latin America and Caribbean,2026,-1.2131752848091097,-11.1503394963437,8.840741961352691,fallback_region:Latin America and Caribbean,saved/region_Latin_America_and_Caribbean.pkl
Samoa,WSM,East Asia and Pacific,2026,-0.270452392312998,-3.4454712243532404,3.174766476916582,fallback_region:East Asia and Pacific,saved/region_East_Asia_and_Pacific.pkl
Sao Tome and Principe,STP,Sub-Saharan Africa,2026,0.46316365285610744,-0.33197072375426373,1.2500732867680417,fallback_region:Sub-Saharan Africa,saved/region_Sub-Saharan_Africa.pkl
Saudi Arabia,SAU,Middle East and North Africa,2026,4.029287261457757,-1.7543958675408025,9.359077390930008,fallback_region:Middle East and North Africa,saved/region_Middle_East_and_North_Africa.pkl
Senegal,SEN,Sub-Saharan Africa,2026,0.46316365285610744,-0.3805240038449445,1.2561973327502893,fallback_region:Sub-Saharan Africa,saved/region_Sub-Saharan_Africa.pkl
Serbia,SRB,Europe and Central Asia,2026,3.4494572194969226,-0.6035509099295322,7.356232539726688,fallback_region:Europe and Central Asia,saved/region_Europe_and_Central_Asia.pkl
Seychelles,SYC,Sub-Saharan Africa,2026,0.46316365285610744,-0.3672544330561832,1.255296241753144,fallback_region:Sub-Saharan Africa,saved/region_Sub-Saharan_Africa.pkl
Sierra Leone,SLE,Sub-Saharan Africa,2026,0.46316365285610744,-0.2898843127031739,1.2486815447281838,fallback_region:Sub-Saharan Africa,saved/region_Sub-Saharan_Africa.pkl
Singapore,SGP,East Asia and Pacific,2026,-0.270452392312998,-3.6226341921517955,2.7807638273776694,fallback_region:East Asia and Pacific,saved/region_East_Asia_and_Pacific.pkl
Sint Maarten (Dutch part),SXM,Latin America and Caribbean,2026,-1.2131752848091097,-11.843732830475986,8.453227008765285,fallback_region:Latin America and Caribbean,saved/region_Latin_America_and_Caribbean.pkl
Slovakia,SVK,Europe and Central Asia,2026,3.4494572194969226,-0.8702644575526886,7.580674447973505,fallback_region:Europe and Central Asia,saved/region_Europe_and_Central_Asia.pkl
Slovenia,SVN,Europe and Central Asia,2026,3.4494572194969226,-0.7489127782585553,7.316257808204617,fallback_region:Europe and Central Asia,saved/region_Europe_and_Central_Asia.pkl
Solomon Islands,SLB,East Asia and Pacific,2026,-0.270452392312998,-3.57803405039201,2.8104337773339605,fallback_region:East Asia and Pacific,saved/region_East_Asia_and_Pacific.pkl
Somalia,SOM,Sub-Saharan Africa,2026,0.46316365285610744,-0.24786364048472004,1.2681837118221277,fallback_region:Sub-Saharan Africa,saved/region_Sub-Saharan_Africa.pkl
South Africa,ZAF,Sub-Saharan Africa,2026,0.2768641421561997,0.06581853488075054,0.49364649925139426,country,saved/country_South_Africa.pkl
South Sudan,SSD,Sub-Saharan Africa,2026,0.46316365285610744,-0.3692011643019118,1.263299387233199,fallback_region:Sub-Saharan Africa,saved/region_Sub-Saharan_Africa.pkl
Spain,ESP,Europe and Central Asia,2026,3.4494572194969226,-0.7519711601791769,7.256633156736283,fallback_region:Europe and Central Asia,saved/region_Europe_and_Central_Asia.pkl
Sri Lanka,LKA,South Asia,2026,-7.603327559387799,-46.58170487305453,37.63325760217825,country,saved/country_Sri_Lanka.pkl
State of Palestine,PSE,Middle East and North Africa,2026,4.029287261457757,-1.3673261060564368,9.936768636732642,fallback_region:Middle East and North Africa,saved/region_Middle_East_and_North_Africa.pkl
Sudan,SDN,Middle East and North Africa,2026,0.6632760443970402,-0.5403000942616591,1.9631658723327616,country,saved/country_Sudan.pkl
Suriname,SUR,Latin America and Caribbean,2026,-1.2131752848091097,-10.986698718845812,8.040655251969556,fallback_region:Latin America and Caribbean,saved/region_Latin_America_and_Caribbean.pkl
Sweden,SWE,Europe and Central Asia,2026,3.4494572194969226,-0.8229604648693128,7.395410359802664,fallback_region:Europe and Central Asia,saved/region_Europe_and_Central_Asia.pkl
Switzerland,CHE,Europe and Central Asia,2026,3.4494572194969226,-1.0026678637143196,7.715943864171673,fallback_region:Europe and Central Asia,saved/region_Europe_and_Central_Asia.pkl
Syrian Arab Republic,SYR,Middle East and North Africa,2026,4.029287261457757,-1.3162302632156644,9.978233299314637,fallback_region:Middle East and North Africa,saved/region_Middle_East_and_North_Africa.pkl
Tajikistan,TJK,Europe and Central Asia,2026,3.4494572194969226,-0.6608143804339158,7.5870713352628805,fallback_region:Europe and Central Asia,saved/region_Europe_and_Central_Asia.pkl
Thailand,THA,East Asia and Pacific,2026,-0.5333067784461125,-3.597500987926378,2.4072809752515676,country,saved/country_Thailand.pkl
Timor-Leste,TLS,East Asia and Pacific,2026,-0.270452392312998,-3.4881453870812984,3.0042682683981132,fallback_region:East Asia and Pacific,saved/region_East_Asia_and_Pacific.pkl
Togo,TGO,Sub-Saharan Africa,2026,0.46316365285610744,-0.32439075551921576,1.3028211501898235,fallback_region:Sub-Saharan Africa,saved/region_Sub-Saharan_Africa.pkl
Tonga,TON,East Asia and Pacific,2026,-0.270452392312998,-3.5970064728695985,2.8950413733426936,fallback_region:East Asia and Pacific,saved/region_East_Asia_and_Pacific.pkl
Trinidad and Tobago,TTO,Latin America and Caribbean,2026,-1.2131752848091097,-11.393566554403428,8.375062370227784,fallback_region:Latin America and Caribbean,saved/region_Latin_America_and_Caribbean.pkl
Tunisia,TUN,Middle East and North Africa,2026,4.029287261457757,-1.8134986896445295,9.967283895328793,fallback_region:Middle East and North Africa,saved/region_Middle_East_and_North_Africa.pkl
Turkmenistan,TKM,Europe and Central Asia,2026,3.4494572194969226,-0.8507810130052829,7.523165521179123,fallback_region:Europe and Central Asia,saved/region_Europe_and_Central_Asia.pkl
Turks and Caicos Islands,TCA,Latin America and Caribbean,2026,-1.2131752848091097,-10.705673441136549,9.377606263277913,fallback_region:Latin America and Caribbean,saved/region_Latin_America_and_Caribbean.pkl
Tuvalu,TUV,East Asia and Pacific,2026,-0.270452392312998,-3.596612751641724,3.0555789137122287,fallback_region:East Asia and Pacific,saved/region_East_Asia_and_Pacific.pkl
Türkiye,TUR,Middle East and North Africa,2026,4.029287261457757,-1.717979648968041,10.05623555953891,fallback_region:Middle East and North Africa,saved/region_Middle_East_and_North_Africa.pkl
Uganda,UGA,Sub-Saharan Africa,2026,0.8875601087462176,-0.43924952977667575,2.2316756123231234,country,saved/country_Uganda.pkl
Ukraine,UKR,Europe and Central Asia,2026,3.4494572194969226,-0.9832017210570767,7.7377407942028,fallback_region:Europe and Central Asia,saved/region_Europe_and_Central_Asia.pkl
United Arab Emirates,ARE,Middle East and North Africa,2026,4.029287261457757,-1.7427824766911788,9.57817019055314,fallback_region:Middle East and North Africa,saved/region_Middle_East_and_North_Africa.pkl
United Kingdom of Great Britain and Northern Ireland,GBR,Europe and Central Asia,2026,3.4494572194969226,-0.6841881452175494,7.5591610331319545,fallback_region:Europe and Central Asia,saved/region_Europe_and_Central_Asia.pkl
United Republic of Tanzania,TZA,Sub-Saharan Africa,2026,0.46316365285610744,-0.3557169221745667,1.2133027099484497,fallback_region:Sub-Saharan Africa,saved/region_Sub-Saharan_Africa.pkl
United States Virgin Islands,VIR,Latin America and Caribbean,2026,-1.2131752848091097,-10.539509454986826,8.687213150551107,fallback_region:Latin America and Caribbean,saved/region_Latin_America_and_Caribbean.pkl
United States of America,USA,North America,2026,0.16514092472768543,-0.007894766676151679,0.3427860503776179,country,saved/country_United_States_of_America.pkl
Uruguay,URY,Latin America and Caribbean,2026,-1.2131752848091097,-10.404121732779686,7.970891792747347,fallback_region:Latin America and Caribbean,saved/region_Latin_America_and_Caribbean.pkl
Uzbekistan,UZB,Europe and Central Asia,2026,3.4494572194969226,-0.8201004266896608,7.620646380734134,fallback_region:Europe and Central Asia,saved/region_Europe_and_Central_Asia.pkl
Vanuatu,VUT,East Asia and Pacific,2026,-0.270452392312998,-3.5846830781366323,3.006746597803291,fallback_region:East Asia and Pacific,saved/region_East_Asia_and_Pacific.pkl
Venezuela (Bolivarian Republic of),VEN,Latin America and Caribbean,2026,-1.2131752848091097,-10.79362109223941,9.059471792234891,fallback_region:Latin America and Caribbean,saved/region_Latin_America_and_Caribbean.pkl
Viet Nam,VNM,East Asia and Pacific,2026,0.07501592659977213,-0.12452719349303332,0.26727319930704485,country,saved/country_Viet_Nam.pkl
Yemen,YEM,Middle East and North Africa,2026,4.029287261457757,-1.6843823925644634,9.68682068562678,fallback_region:Middle East and North Africa,saved/region_Middle_East_and_North_Africa.pkl
Zambia,ZMB,Sub-Saharan Africa,2026,0.46316365285610744,-0.3634762811228978,1.2025967405545472,fallback_region:Sub-Saharan Africa,saved/region_Sub-Saharan_Africa.pkl
Zimbabwe,ZWE,Sub-Saharan Africa,2026,0.46316365285610744,-0.3230493710746185,1.2723623733588294,fallback_region:Sub-Saharan Africa,saved/region_Sub-Saharan_Africa.pkl
Afghanistan,AFG,South Asia,2027,2.560946562991564,-1.6630514170583095,6.905572702963734,country,saved/country_Afghanistan.pkl
Albania,ALB,Europe and Central Asia,2027,3.561550816966835,-0.5244570963373175,7.813519525758349,fallback_region:Europe and Central Asia,saved/region_Europe_and_Central_Asia.pkl
Algeria,DZA,Middle East and North Africa,2027,4.227895625198864,-1.5991831681195332,10.222434953225772,fallback_region:Middle East and North Africa,saved/region_Middle_East_and_North_Africa.pkl
American Samoa,ASM,East Asia and Pacific,2027,-0.36083986352905423,-3.5735047176716077,2.864504671552667,fallback_region:East Asia and Pacific,saved/region_East_Asia_and_Pacific.pkl
Angola,AGO,Sub-Saharan Africa,2027,0.4416910824833424,-0.3483606812196672,1.2630761315200585,fallback_region:Sub-Saharan Africa,saved/region_Sub-Saharan_Africa.pkl
Antigua and Barbuda,ATG,Latin America and Caribbean,2027,-1.5422440639834964,-11.218918028744032,8.197731888771518,fallback_region:Latin America and Caribbean,saved/region_Latin_America_and_Caribbean.pkl
Argentina,ARG,Latin America and Caribbean,2027,-1.5422440639834964,-11.182591467494282,8.768171817653194,fallback_region:Latin America and Caribbean,saved/region_Latin_America_and_Caribbean.pkl
Armenia,ARM,Middle East and North Africa,2027,4.227895625198864,-1.819557864595662,10.025964689929872,fallback_region:Middle East and North Africa,saved/region_Middle_East_and_North_Africa.pkl
Australia,AUS,East Asia and Pacific,2027,-0.05967994107191757,-0.6680206821660128,0.5469115469756054,country,saved/country_Australia.pkl
Austria,AUT,Europe and Central Asia,2027,3.561550816966835,-0.7149109403702695,7.653107167708939,fallback_region:Europe and Central Asia,saved/region_Europe_and_Central_Asia.pkl
Azerbaijan,AZE,Middle East and North Africa,2027,4.227895625198864,-1.0056345067296248,9.750464883183128,fallback_region:Middle East and North Africa,saved/region_Middle_East_and_North_Africa.pkl
Bahamas,BHS,Latin America and Caribbean,2027,-1.5422440639834964,-11.296336747459723,8.428301922254615,fallback_region:Latin America and Caribbean,saved/region_Latin_America_and_Caribbean.pkl
Bangladesh,BGD,South Asia,2027,-0.076761969985847,-0.9980092476966256,0.8937635617020933,country,saved/country_Bangladesh.pkl
Barbados,BRB,Latin America and Caribbean,2027,-1.5422440639834964,-10.664668135894662,7.833119809310256,fallback_region:Latin America and Caribbean,saved/region_Latin_America_and_Caribbean.pkl
Belarus,BLR,Europe and Central Asia,2027,3.561550816966835,-0.751820425714494,7.415238272924933,fallback_region:Europe and Central Asia,saved/region_Europe_and_Central_Asia.pkl
Belgium,BEL,Europe and Central Asia,2027,3.561550816966835,-0.5652419466975375,7.698062273307683,fallback_region:Europe and Central Asia,saved/region_Europe_and_Central_Asia.pkl
Belize,BLZ,Latin America and Caribbean,2027,-1.5422440639834964,-11.475814344061646,7.724853910712339,fallback_region:Latin America and Caribbean,saved/region_Latin_America_and_Caribbean.pkl
Benin,BEN,Sub-Saharan Africa,2027,0.4416910824833424,-0.38252262014603666,1.2087537650321412,fallback_region:Sub-Saharan Africa,saved/region_Sub-Saharan_Africa.pkl
Bermuda,BMU,North America,2027,0.22823435213373952,0.05278834864022707,0.39609206376915634,fallback_region:North America,saved/region_North_America.pkl
Bhutan,BTN,South Asia,2027,-0.37490172065626876,-1.701614599672607,0.9318882245514477,fallback_region:South Asia,saved/region_South_Asia.pkl
Bolivia (Plurinational State of),BOL,Latin America and Caribbean,2027,-1.5422440639834964,-11.27235393983838,7.652831642568907,fallback_region:Latin America and Caribbean,saved/region_Latin_America_and_Caribbean.pkl
Bosnia and Herzegovina,BIH,Europe and Central Asia,2027,3.561550816966835,-0.8905257337132667,7.854717026726668,fallback_region:Europe and Central Asia,saved/region_Europe_and_Central_Asia.pkl
Botswana,BWA,Sub-Saharan Africa,2027,0.4416910824833424,-0.37832846126854003,1.2558173064109657,fallback_region:Sub-Saharan Africa,saved/region_Sub-Saharan_Africa.pkl
Brazil,BRA,Latin America and Caribbean,2027,0.10718613738482834,-0.03320220051734242,0.23911991491026874,country,saved/country_Brazil.pkl
British Virgin Islands,VGB,Latin America and Caribbean,2027,-1.5422440639834964,-11.566458294136607,7.972519270241156,fallback_region:Latin America and Caribbean,saved/region_Latin_America_and_Caribbean.pkl
Bulgaria,BGR,Europe and Central Asia,2027,3.561550816966835,-0.5201682433912423,7.593158955225009,fallback_region:Europe and Central Asia,saved/region_Europe_and_Central_Asia.pkl
Burkina Faso,BFA,Sub-Saharan Africa,2027,0.4416910824833424,-0.28554422323943546,1.2445951158825623,fallback_region:Sub-Saharan Africa,saved/region_Sub-Saharan_Africa.pkl
Burundi,BDI,Sub-Saharan Africa,2027,0.4416910824833424,-0.3871098030479359,1.1265615778463711,fallback_region:Sub-Saharan Africa,saved/region_Sub-Saharan_Africa.pkl
Cabo Verde,CPV,Sub-Saharan Africa,2027,0.4416910824833424,-0.2994712692299152,1.2514250309228678,fallback_region:Sub-Saharan Africa,saved/region_Sub-Saharan_Africa.pkl
Cambodia,KHM,East Asia and Pacific,2027,-0.36083986352905423,-3.384079474549677,2.9368910273698057,fallback_region:East Asia and Pacific,saved/region_East_Asia_and_Pacific.pkl
Cameroon,CMR,Sub-Saharan Africa,2027,0.4416910824833424,-0.38094045823543937,1.1481144010095554,fallback_region:Sub-Saharan Africa,saved/region_Sub-Saharan_Africa.pkl
Canada,CAN,North America,2027,0.22823435213373952,0.06429888411881222,0.40130278662816077,fallback_region:North America,saved/region_North_America.pkl
Cayman Islands,CYM,Latin America and Caribbean,2027,-1.5422440639834964,-10.834821748234274,8.273269019043427,fallback_region:Latin America and Caribbean,saved/region_Latin_America_and_Caribbean.pkl
Central African Republic,CAF,Sub-Saharan Africa,2027,0.4416910824833424,-0.3507034259434976,1.2519320121748307,fallback_region:Sub-Saharan Africa,saved/region_Sub-Saharan_Africa.pkl
Chad,TCD,Sub-Saharan Africa,2027,0.4416910824833424,-0.3676754278384332,1.2247211694790765,fallback_region:Sub-Saharan Africa,saved/region_Sub-Saharan_Africa.pkl
Chile,CHL,Latin America and Caribbean,2027,-1.5422440639834964,-11.295726963297497,8.379163010604456,fallback_region:Latin America and Caribbean,saved/region_Latin_America_and_Caribbean.pkl
China,CHN,East Asia and Pacific,2027,-0.3184756946685475,-1.8519893334353617,1.2864775493964609,country,saved/country_China.pkl
"China, Hong Kong Special Administrative Region",HKG,East Asia and Pacific,2027,-0.36083986352905423,-3.798399772903753,3.0317305265776073,fallback_region:East Asia and Pacific,saved/region_East_Asia_and_Pacific.pkl
"China, Macao Special Administrative Region",MAC,East Asia and Pacific,2027,-0.36083986352905423,-3.594962352934051,2.8120648315789745,fallback_region:East Asia and Pacific,saved/region_East_Asia_and_Pacific.pkl
Colombia,COL,Latin America and Caribbean,2027,0.1870213299591419,-0.19958358356312642,0.551193906867121,country,saved/country_Colombia.pkl
Comoros,COM,Sub-Saharan Africa,2027,0.4416910824833424,-0.40767348457769265,1.281786619068796,fallback_region:Sub-Saharan Africa,saved/region_Sub-Saharan_Africa.pkl
Congo,COG,Sub-Saharan Africa,2027,0.4416910824833424,-0.36476214539377894,1.185673731060342,fallback_region:Sub-Saharan Africa,saved/region_Sub-Saharan_Africa.pkl
Costa Rica,CRI,Latin America and Caribbean,2027,-1.5422440639834964,-11.317134242869233,8.422126123123384,fallback_region:Latin America and Caribbean,saved/region_Latin_America_and_Caribbean.pkl
Croatia,HRV,Europe and Central Asia,2027,3.561550816966835,-0.6906541072659932,7.74266719259124,fallback_region:Europe and Central Asia,saved/region_Europe_and_Central_Asia.pkl
Cuba,CUB,Latin America and Caribbean,2027,-1.5422440639834964,-10.818029664444992,7.947275774104796,fallback_region:Latin America and Caribbean,saved/region_Latin_America_and_Caribbean.pkl
Cyprus,CYP,Middle East and North Africa,2027,4.227895625198864,-1.8055778481116727,9.95608534372831,fallback_region:Middle East and North Africa,saved/region_Middle_East_and_North_Africa.pkl
Czechia,CZE,Europe and Central Asia,2027,3.561550816966835,-0.5370924928864415,7.686822806039805,fallback_region:Europe and Central Asia,saved/region_Europe_and_Central_Asia.pkl
Côte d’Ivoire,CIV,Sub-Saharan Africa,2027,0.4416910824833424,-0.35078675013429556,1.2077921369923479,fallback_region:Sub-Saharan Africa,saved/region_Sub-Saharan_Africa.pkl
Democratic People's Republic of Korea,PRK,East Asia and Pacific,2027,-0.36083986352905423,-3.4736164431919465,2.701813429366867,fallback_region:East Asia and Pacific,saved/region_East_Asia_and_Pacific.pkl
Democratic Republic of the Congo,COD,Sub-Saharan Africa,2027,0.8667174221073948,-0.8441430589325517,2.644437520439556,country,saved/country_Democratic_Republic_of_the_Congo.pkl
Denmark,DNK,Europe and Central Asia,2027,3.561550816966835,-0.6506142701037609,7.917461285484302,fallback_region:Europe and Central Asia,saved/region_Europe_and_Central_Asia.pkl
Djibouti,DJI,Sub-Saharan Africa,2027,0.4416910824833424,-0.3062978448609407,1.2319896936030323,fallback_region:Sub-Saharan Africa,saved/region_Sub-Saharan_Africa.pkl
Dominica,DMA,Latin America and Caribbean,2027,-1.5422440639834964,-10.73253953855101,8.513526659126551,fallback_region:Latin America and Caribbean,saved/region_Latin_America_and_Caribbean.pkl
Dominican Republic,DOM,Latin America and Caribbean,2027,-1.5422440639834964,-10.861146337139834,8.243256457935468,fallback_region:Latin America and Caribbean,saved/region_Latin_America_and_Caribbean.pkl
Ecuador,ECU,Latin America and Caribbean,2027,-1.5422440639834964,-10.909533065336374,8.244705593541477,fallback_region:Latin America and Caribbean,saved/region_Latin_America_and_Caribbean.pkl
Egypt,EGY,Middle East and North Africa,2027,4.227895625198864,-1.6855839726778092,9.908852317976049,fallback_region:Middle East and North Africa,saved/region_Middle_East_and_North_Africa.pkl
El Salvador,SLV,Latin America and Caribbean,2027,-1.5422440639834964,-11.041772311188314,8.20459147514991,fallback_region:Latin America and Caribbean,saved/region_Latin_America_and_Caribbean.pkl
Equatorial Guinea,GNQ,Sub-Saharan Africa,2027,0.4416910824833424,-0.30862004850296637,1.182196652306404,fallback_region:Sub-Saharan Africa,saved/region_Sub-Saharan_Africa.pkl
Eritrea,ERI,Sub-Saharan Africa,2027,0.4416910824833424,-0.39844929356579895,1.2511037550202972,fallback_region:Sub-Saharan Africa,saved/region_Sub-Saharan_Africa.pkl
Estonia,EST,Europe and Central Asia,2027,3.561550816966835,-0.6145686847681484,7.989867821940527,fallback_region:Europe and Central Asia,saved/region_Europe_and_Central_Asia.pkl
Eswatini,SWZ,Sub-Saharan Africa,2027,0.4416910824833424,-0.35440537024649144,1.2384465092297385,fallback_region:Sub-Saharan Africa,saved/region_Sub-Saharan_Africa.pkl
Ethiopia,ETH,Sub-Saharan Africa,2027,0.4416910824833424,-0.3260372841504113,1.168272043898629,fallback_region:Sub-Saharan Africa,saved/region_Sub-Saharan_Africa.pkl
Fiji,FJI,East Asia and Pacific,2027,-0.36083986352905423,-3.4771379552742507,2.998300439110578,fallback_region:East Asia and Pacific,saved/region_East_Asia_and_Pacific.pkl
Finland,FIN,Europe and Central Asia,2027,3.561550816966835,-0.714743162650799,7.548579610680309,fallback_region:Europe and Central Asia,saved/region_Europe_and_Central_Asia.pkl
France,FRA,Europe and Central Asia,2027,1.3501150710144203,-6.653632681246466,9.11144939382472,country,saved/country_France.pkl
French Polynesia,PYF,East Asia and Pacific,2027,-0.36083986352905423,-3.6344137556169365,2.987662399094049,fallback_region:East Asia and Pacific,saved/region_East_Asia_and_Pacific.pkl
Gabon,GAB,Sub-Saharan Africa,2027,0.4416910824833424,-0.33606038726542764,1.220636980006816,fallback_region:Sub-Saharan Africa,saved/region_Sub-Saharan_Africa.pkl
Gambia,GMB,Sub-Saharan Africa,2027,0.4416910824833424,-0.34329188849997083,1.2082953550557172,fallback_region:Sub-Saharan Africa,saved/region_Sub-Saharan_Africa.pkl
Georgia,GEO,Middle East and North Africa,2027,4.227895625198864,-1.5127248751666111,9.896619612789031,fallback_region:Middle East and North Africa,saved/region_Middle_East_and_North_Africa.pkl
Germany,DEU,Europe and Central Asia,2027,3.561550816966835,-0.5244602110702367,7.737066109943471,fallback_region:Europe and Central Asia,saved/region_Europe_and_Central_Asia.pkl
Ghana,GHA,Sub-Saharan Africa,2027,0.4416910824833424,-0.322900976978446,1.261348006778745,fallback_region:Sub-Saharan Africa,saved/region_Sub-Saharan_Africa.pkl
Greece,GRC,Europe and Central Asia,2027,3.561550816966835,-0.7210817271480952,7.820321725388593,fallback_region:Europe and Central Asia,saved/region_Europe_and_Central_Asia.pkl
Grenada,GRD,Latin America and Caribbean,2027,-1.5422440639834964,-10.692091281650612,8.397687537343277,fallback_region:Latin America and Caribbean,saved/region_Latin_America_and_Caribbean.pkl
Guam,GUM,East Asia and Pacific,2027,-0.36083986352905423,-3.5684578156302638,2.926867849336487,fallback_region:East Asia and Pacific,saved/region_East_Asia_and_Pacific.pkl
Guatemala,GTM,Latin America and Caribbean,2027,0.2942947444337903,-2.662016953152224,3.4397405124179294,country,saved/country_Guatemala.pkl
Guinea,GIN,Sub-Saharan Africa,2027,0.4416910824833424,-0.3438417982071028,1.161124398907637,fallback_region:Sub-Saharan Africa,saved/region_Sub-Saharan_Africa.pkl
Guinea-Bissau,GNB,Sub-Saharan Africa,2027,0.4416910824833424,-0.3655912494086413,1.1783550929152098,fallback_region:Sub-Saharan Africa,saved/region_Sub-Saharan_Africa.pkl
Guyana,GUY,Latin America and Caribbean,2027,-1.5422440639834964,-12.238843625242739,8.449115056484388,fallback_region:Latin America and Caribbean,saved/region_Latin_America_and_Caribbean.pkl
Haiti,HTI,Latin America and Caribbean,2027,-97.20371861235304,-726.7101303102767,430.28985336282847,country,saved/country_Haiti.pkl
Honduras,HND,Latin America and Caribbean,2027,-1.5422440639834964,-11.795976270149403,7.915122766364096,fallback_region:Latin America and Caribbean,saved/region_Latin_America_and_Caribbean.pkl
Hungary,HUN,Europe and Central Asia,2027,3.561550816966835,-0.5790459550828849,7.580247808833359,fallback_region:Europe and Central Asia,saved/region_Europe_and_Central_Asia.pkl
Iceland,ISL,Europe and Central Asia,2027,3.561550816966835,-0.49682179810576527,7.698571897182298,fallback_region:Europe and Central Asia,saved/region_Europe_and_Central_Asia.pkl
India,IND,South Asia,2027,0.01158926165945725,-0.4610605306483047,0.5076432845174927,country,saved/country_India.pkl
Indonesia,IDN,East Asia and Pacific,2027,-3.600444216492934,-21.380280993360095,13.497311023533733,country,saved/country_Indonesia.pkl
Iran (Islamic Republic of),IRN,South Asia,2027,-2.496677898350121,-11.906393553930771,6.966827111007298,country,saved/country_Iran_(Islamic_Republic_of).pkl
Iraq,IRQ,Middle East and North Africa,2027,4.227895625198864,-1.6936578759862866,10.063470055874973,fallback_region:Middle East and North Africa,saved/region_Middle_East_and_North_Africa.pkl
Ireland,IRL,Europe and Central Asia,2027,3.561550816966835,0.009075694163234872,7.506158123392841,fallback_region:Europe and Central Asia,saved/region_Europe_and_Central_Asia.pkl
Israel,ISR,Middle East and North Africa,2027,4.227895625198864,-1.886775606348242,10.422386043753507,fallback_region:Middle East and North Africa,saved/region_Middle_East_and_North_Africa.pkl
Italy,ITA,Europe and Central Asia,2027,28.341836370136214,17.116417737450767,38.95284256836252,country,saved/country_Italy.pkl
Jamaica,JAM,Latin America and Caribbean,2027,-1.5422440639834964,-11.795996760833148,8.406374521767473,fallback_region:Latin America and Caribbean,saved/region_Latin_America_and_Caribbean.pkl
Japan,JPN,East Asia and Pacific,2027,-0.42887080298347824,-4.302315119116283,3.415388718719708,country,saved/country_Japan.pkl
Jordan,JOR,Middle East and North Africa,2027,4.227895625198864,-1.6610571381951804,9.94738016266592,fallback_region:Middle East and North Africa,saved/region_Middle_East_and_North_Africa.pkl
Kazakhstan,KAZ,Europe and Central Asia,2027,3.561550816966835,-0.6989624431372545,7.645442130564387,fallback_region:Europe and Central Asia,saved/region_Europe_and_Central_Asia.pkl
Kenya,KEN,Sub-Saharan Africa,2027,0.37086060715987995,0.058409662846208105,0.6665706784906827,country,saved/country_Kenya.pkl
Kiribati,KIR,East Asia and Pacific,2027,-0.36083986352905423,-3.5404470125787335,2.991326139730307,fallback_region:East Asia and Pacific,saved/region_East_Asia_and_Pacific.pkl
Kuwait,KWT,Middle East and North Africa,2027,4.227895625198864,-2.1055014303616435,9.40376306530567,fallback_region:Middle East and North Africa,saved/region_Middle_East_and_North_Africa.pkl
Kyrgyzstan,KGZ,Europe and Central Asia,2027,3.561550816966835,-0.7408170361602299,7.645777158465664,fallback_region:Europe and Central Asia,saved/region_Europe_and_Central_Asia.pkl
Lao People's Democratic Republic,LAO,East Asia and Pacific,2027,-0.36083986352905423,-3.2658947234335174,2.7517926180919714,fallback_region:East Asia and Pacific,saved/region_East_Asia_and_Pacific.pkl
Latvia,LVA,Europe and Central Asia,2027,3.561550816966835,-0.6890568376232814,7.618976438624729,fallback_region:Europe and Central Asia,saved/region_Europe_and_Central_Asia.pkl
Lebanon,LBN,Middle East and North Africa,2027,4.227895625198864,-1.679941834453028,9.74500956396071,fallback_region:Middle East and North Africa,saved/region_Middle_East_and_North_Africa.pkl
Lesotho,LSO,Sub-Saharan Africa,2027,0.4416910824833424,-0.3677585298199756,1.2699292250481453,fallback_region:Sub-Saharan Africa,saved/region_Sub-Saharan_Africa.pkl
Liberia,LBR,Sub-Saharan Africa,2027,0.4416910824833424,-0.42824193739710215,1.2371621644559045,fallback_region:Sub-Saharan Africa,saved/region_Sub-Saharan_Africa.pkl
Libya,LBY,Middle East and North Africa,2027,4.227895625198864,-1.394682874101499,10.192551691186333,fallback_region:Middle East and North Africa,saved/region_Middle_East_and_North_Africa.pkl
Liechtenstein,LIE,Europe and Central Asia,2027,3.561550816966835,-0.7319754016504839,7.698699377790345,fallback_region:Europe and Central Asia,saved/region_Europe_and_Central_Asia.pkl
Lithuania,LTU,Europe and Central Asia,2027,3.561550816966835,-0.8019578878221133,7.783449520690712,fallback_region:Europe and Central Asia,saved/region_Europe_and_Central_Asia.pkl
Luxembourg,LUX,Europe and Central Asia,2027,3.561550816966835,-1.006074955478631,7.931317836052014,fallback_region:Europe and Central Asia,saved/region_Europe_and_Central_Asia.pkl
Madagascar,MDG,Sub-Saharan Africa,2027,-0.030248351621659435,-0.9660509074743437,0.8952824698369338,country,saved/country_Madagascar.pkl
Malawi,MWI,Sub-Saharan Africa,2027,0.4416910824833424,-0.3645491038937241,1.234159617023583,fallback_region:Sub-Saharan Africa,saved/region_Sub-Saharan_Africa.pkl
Malaysia,MYS,East Asia and Pacific,2027,-0.36083986352905423,-3.749162223977423,2.654558330721977,fallback_region:East Asia and Pacific,saved/region_East_Asia_and_Pacific.pkl
Maldives,MDV,South Asia,2027,-0.37490172065626876,-1.678387830241763,0.8357766399849834,fallback_region:South Asia,saved/region_South_Asia.pkl
Mali,MLI,Sub-Saharan Africa,2027,0.4416910824833424,-0.33799473767675103,1.221115149019681,fallback_region:Sub-Saharan Africa,saved/region_Sub-Saharan_Africa.pkl
Malta,MLT,Europe and Central Asia,2027,3.561550816966835,-0.7692655407753912,7.818611330774666,fallback_region:Europe and Central Asia,saved/region_Europe_and_Central_Asia.pkl
Marshall Islands,MHL,East Asia and Pacific,2027,-0.36083986352905423,-3.472574943887344,2.7783873527637106,fallback_region:East Asia and Pacific,saved/region_East_Asia_and_Pacific.pkl
Mauritania,MRT,Sub-Saharan Africa,2027,0.4416910824833424,-0.3574037864641394,1.2506907208883342,fallback_region:Sub-Saharan Africa,saved/region_Sub-Saharan_Africa.pkl
Mauritius,MUS,Sub-Saharan Africa,2027,0.4416910824833424,-0.3435457089006549,1.2568314339143312,fallback_region:Sub-Saharan Africa,saved/region_Sub-Saharan_Africa.pkl
Mexico,MEX,Latin America and Caribbean,2027,0.08919911377261736,-0.02346613400037429,0.19532687115156477,country,saved/country_Mexico.pkl
Micronesia (Federated States of),FSM,East Asia and Pacific,2027,-0.36083986352905423,-3.5644713264818635,3.087333998521855,fallback_region:East Asia and Pacific,saved/region_East_Asia_and_Pacific.pkl
Mongolia,MNG,East Asia and Pacific,2027,-0.36083986352905423,-3.5015719753004206,2.913274602838234,fallback_region:East Asia and Pacific,saved/region_East_Asia_and_Pacific.pkl
Montenegro,MNE,Europe and Central Asia,2027,3.561550816966835,-0.5542576104878911,7.643193055238009,fallback_region:Europe and Central Asia,saved/region_Europe_and_Central_Asia.pkl
Morocco,MAR,Middle East and North Africa,2027,4.227895625198864,-1.6466252222957716,9.980453810022748,fallback_region:Middle East and North Africa,saved/region_Middle_East_and_North_Africa.pkl
Mozambique,MOZ,Sub-Saharan Africa,2027,0.4787791027046794,-0.5714821929664741,1.5438985956339943,country,saved/country_Mozambique.pkl
Myanmar,MMR,East Asia and Pacific,2027,-0.36083986352905423,-3.6165846498552012,2.6293190709803183,fallback_region:East Asia and Pacific,saved/region_East_Asia_and_Pacific.pkl
Namibia,NAM,Sub-Saharan Africa,2027,0.4416910824833424,-0.2885880700484874,1.1872779927901858,fallback_region:Sub-Saharan Africa,saved/region_Sub-Saharan_Africa.pkl
Nepal,NPL,South Asia,2027,3.0597411027416856,-4.675684889874152,10.652894174471278,country,saved/country_Nepal.pkl
Netherlands (Kingdom of the),NLD,Europe and Central Asia,2027,3.561550816966835,-0.7621817145126766,7.6459629052432385,fallback_region:Europe and Central Asia,saved/region_Europe_and_Central_Asia.pkl
New Caledonia,NCL,East Asia and Pacific,2027,-0.36083986352905423,-3.6561630463488686,3.052054854307085,fallback_region:East Asia and Pacific,saved/region_East_Asia_and_Pacific.pkl
New Zealand,NZL,East Asia and Pacific,2027,-0.36083986352905423,-3.5526983078547927,2.9679947757114995,fallback_region:East Asia and Pacific,saved/region_East_Asia_and_Pacific.pkl
Nicaragua,NIC,Latin America and Caribbean,2027,-1.5422440639834964,-10.752839578856804,7.943998959265698,fallback_region:Latin America and Caribbean,saved/region_Latin_America_and_Caribbean.pkl
Niger,NER,Sub-Saharan Africa,2027,0.5954430623086274,-0.2905433678201097,1.4731375318550533,country,saved/country_Niger.pkl
Nigeria,NGA,Sub-Saharan Africa,2027,0.4836345618871705,-0.038161892746751656,0.9565706883238051,country,saved/country_Nigeria.pkl
North Macedonia,MKD,Europe and Central Asia,2027,3.561550816966835,-1.0552206853493746,7.590338293614081,fallback_region:Europe and Central Asia,saved/region_Europe_and_Central_Asia.pkl
Northern Mariana Islands,MNP,East Asia and Pacific,2027,-0.36083986352905423,-3.668213989561818,2.900829484683809,fallback_region:East Asia and Pacific,saved/region_East_Asia_and_Pacific.pkl
Norway,NOR,Europe and Central Asia,2027,3.561550816966835,-0.3901377393691434,7.783118546091685,fallback_region:Europe and Central Asia,saved/region_Europe_and_Central_Asia.pkl
Oman,OMN,Middle East and North Africa,2027,4.227895625198864,-1.0231659913432716,9.962348748779187,fallback_region:Middle East and North Africa,saved/region_Middle_East_and_North_Africa.pkl
Pakistan,PAK,South Asia,2027,-1.3716097817134052,-11.787932712041757,9.639336702293933,country,saved/country_Pakistan.pkl
Palau,PLW,East Asia and Pacific,2027,-0.36083986352905423,-3.757960626619222,2.855893747283291,fallback_region:East Asia and Pacific,saved/region_East_Asia_and_Pacific.pkl
Panama,PAN,Latin America and Caribbean,2027,-1.5422440639834964,-11.309320392427697,7.479331515926164,fallback_region:Latin America and Caribbean,saved/region_Latin_America_and_Caribbean.pkl
Papua New Guinea,PNG,East Asia and Pacific,2027,-0.36083986352905423,-3.6591250602953744,2.746473674589873,fallback_region:East Asia and Pacific,saved/region_East_Asia_and_Pacific.pkl
Paraguay,PRY,Latin America and Caribbean,2027,-1.5422440639834964,-10.88035787067635,8.652700546974083,fallback_region:Latin America and Caribbean,saved/region_Latin_America_and_Caribbean.pkl
Peru,PER,Latin America and Caribbean,2027,0.12765699480096385,-0.6872699506394733,0.9860557929380701,country,saved/country_Peru.pkl
Philippines,PHL,East Asia and Pacific,2027,-0.33233201844243687,-2.147662642038412,1.4868981814733662,country,saved/country_Philippines.pkl
Poland,POL,Europe and Central Asia,2027,5.04255616495446,4.37278316139624,5.757689718285268,country,saved/country_Poland.pkl
Portugal,PRT,Europe and Central Asia,2027,3.561550816966835,-0.42927995137189745,7.449212074716321,fallback_region:Europe and Central Asia,saved/region_Europe_and_Central_Asia.pkl
Puerto Rico,PRI,Latin America and Caribbean,2027,-1.5422440639834964,-10.518680874067865,7.93419216069643,fallback_region:Latin America and Caribbean,saved/region_Latin_America_and_Caribbean.pkl
Qatar,QAT,Middle East and North Africa,2027,4.227895625198864,-1.7405922814064982,9.994624400606813,fallback_region:Middle East and North Africa,saved/region_Middle_East_and_North_Africa.pkl
Republic of Korea,KOR,East Asia and Pacific,2027,-0.36083986352905423,-3.6394666790055354,2.818252870901009,fallback_region:East Asia and Pacific,saved/region_East_Asia_and_Pacific.pkl
Republic of Moldova,MDA,Europe and Central Asia,2027,3.561550816966835,-0.48198054520601735,7.659373778863743,fallback_region:Europe and Central Asia,saved/region_Europe_and_Central_Asia.pkl
Romania,ROU,Europe and Central Asia,2027,32.227184056293,29.04578448078738,35.188739848643536,country,saved/country_Romania.pkl
Russian Federation,RUS,Europe and Central Asia,2027,3.561550816966835,-0.7935415665446838,7.546502019777434,fallback_region:Europe and Central Asia,saved/region_Europe_and_Central_Asia.pkl
Rwanda,RWA,Sub-Saharan Africa,2027,0.4416910824833424,-0.37009206262311506,1.1761334684399618,fallback_region:Sub-Saharan Africa,saved/region_Sub-Saharan_Africa.pkl
Saint Kitts and Nevis,KNA,Latin America and Caribbean,2027,-1.5422440639834964,-11.280803098280202,8.102288911923079,fallback_region:Latin America and Caribbean,saved/region_Latin_America_and_Caribbean.pkl
Saint Lucia,LCA,Latin America and Caribbean,2027,-1.5422440639834964,-11.6268292289407,7.26231640466953,fallback_region:Latin America and Caribbean,saved/region_Latin_America_and_Caribbean.pkl
Saint Martin (French Part),MAF,Latin America and Caribbean,2027,-1.5422440639834964,-11.254317668949355,7.931004384471785,fallback_region:Latin America and Caribbean,saved/region_Latin_America_and_Caribbean.pkl
Saint Vincent and the Grenadines,VCT,Latin America and Caribbean,2027,-1.5422440639834964,-10.836266523147584,7.854249003175532,fallback_region:Latin America and Caribbean,saved/region_Latin_America_and_Caribbean.pkl
Samoa,WSM,East Asia and Pacific,2027,-0.36083986352905423,-3.677708247513507,3.018917650841015,fallback_region:East Asia and Pacific,saved/region_East_Asia_and_Pacific.pkl
Sao Tome and Principe,STP,Sub-Saharan Africa,2027,0.4416910824833424,-0.38154924940528245,1.241868951523355,fallback_region:Sub-Saharan Africa,saved/region_Sub-Saharan_Africa.pkl
Saudi Arabia,SAU,Middle East and North Africa,2027,4.227895625198864,-1.206648365519119,10.107640557503833,fallback_region:Middle East and North Africa,saved/region_Middle_East_and_North_Africa.pkl
Senegal,SEN,Sub-Saharan Africa,2027,0.4416910824833424,-0.3563635579212375,1.234298003466648,fallback_region:Sub-Saharan Africa,saved/region_Sub-Saharan_Africa.pkl
Serbia,SRB,Europe and Central Asia,2027,3.561550816966835,-0.9735234495378315,7.7023070830417195,fallback_region:Europe and Central Asia,saved/region_Europe_and_Central_Asia.pkl
Seychelles,SYC,Sub-Saharan Africa,2027,0.4416910824833424,-0.37218441344739484,1.167364965954061,fallback_region:Sub-Saharan Africa,saved/region_Sub-Saharan_Africa.pkl
Sierra Leone,SLE,Sub-Saharan Africa,2027,0.4416910824833424,-0.4215296782346756,1.1952672002438705,fallback_region:Sub-Saharan Africa,saved/region_Sub-Saharan_Africa.pkl
Singapore,SGP,East Asia and Pacific,2027,-0.36083986352905423,-3.4179286733908265,2.6687731890487947,fallback_region:East Asia and Pacific,saved/region_East_Asia_and_Pacific.pkl
Sint Maarten (Dutch part),SXM,Latin America and Caribbean,2027,-1.5422440639834964,-10.76850972252583,8.121858497729109,fallback_region:Latin America and Caribbean,saved/region_Latin_America_and_Caribbean.pkl
Slovakia,SVK,Europe and Central Asia,2027,3.561550816966835,-0.5722072451362287,7.743045408818777,fallback_region:Europe and Central Asia,saved/region_Europe_and_Central_Asia.pkl
Slovenia,SVN,Europe and Central Asia,2027,3.561550816966835,-0.2539336244888701,8.218465474090355,fallback_region:Europe and Central Asia,saved/region_Europe_and_Central_Asia.pkl
Solomon Islands,SLB,East Asia and Pacific,2027,-0.36083986352905423,-3.5909792954482023,3.018495251662979,fallback_region:East Asia and Pacific,saved/region_East_Asia_and_Pacific.pkl
Somalia,SOM,Sub-Saharan Africa,2027,0.4416910824833424,-0.32873717968215715,1.2064721750940455,fallback_region:Sub-Saharan Africa,saved/region_Sub-Saharan_Africa.pkl
South Africa,ZAF,Sub-Saharan Africa,2027,0.29590697795860416,0.053304705939243004,0.5320851631761808,country,saved/country_South_Africa.pkl
South Sudan,SSD,Sub-Saharan Africa,2027,0.4416910824833424,-0.32031168980535685,1.260127728965717,fallback_region:Sub-Saharan Africa,saved/region_Sub-Saharan_Africa.pkl
Spain,ESP,Europe and Central Asia,2027,3.561550816966835,-0.515949028801636,7.779399083065703,fallback_region:Europe and Central Asia,saved/region_Europe_and_Central_Asia.pkl
Sri Lanka,LKA,South Asia,2027,-8.685236461434515,-51.062870993287135,34.71132661474394,country,saved/country_Sri_Lanka.pkl
State of Palestine,PSE,Middle East and North Africa,2027,4.227895625198864,-1.6609257803996818,10.20009923428542,fallback_region:Middle East and North Africa,saved/region_Middle_East_and_North_Africa.pkl
Sudan,SDN,Middle East and North Africa,2027,0.6612496535008043,-0.6342533986754665,1.8905233483269877,country,saved/country_Sudan.pkl
Suriname,SUR,Latin America and Caribbean,2027,-1.5422440639834964,-11.491233804568681,7.593545235465321,fallback_region:Latin America and Caribbean,saved/region_Latin_America_and_Caribbean.pkl
Sweden,SWE,Europe and Central Asia,2027,3.561550816966835,-0.3824862832800853,7.564320577360151,fallback_region:Europe and Central Asia,saved/region_Europe_and_Central_Asia.pkl
Switzerland,CHE,Europe and Central Asia,2027,3.561550816966835,-0.3903813684841386,7.868738825972891,fallback_region:Europe and Central Asia,saved/region_Europe_and_Central_Asia.pkl
Syrian Arab Republic,SYR,Middle East and North Africa,2027,4.227895625198864,-1.5650997651441103,10.126257963003091,fallback_region:Middle East and North Africa,saved/region_Middle_East_and_North_Africa.pkl
Tajikistan,TJK,Europe and Central Asia,2027,3.561550816966835,-0.5756631836673999,7.535573148356909,fallback_region:Europe and Central Asia,saved/region_Europe_and_Central_Asia.pkl
Thailand,THA,East Asia and Pacific,2027,-0.6200770815356231,-3.7041411204631736,2.526873934085912,country,saved/country_Thailand.pkl
Timor-Leste,TLS,East Asia and Pacific,2027,-0.36083986352905423,-3.509560742985789,2.8770345450403063,fallback_region:East Asia and Pacific,saved/region_East_Asia_and_Pacific.pkl
Togo,TGO,Sub-Saharan Africa,2027,0.4416910824833424,-0.3380023124710565,1.1779394742278855,fallback_region:Sub-Saharan Africa,saved/region_Sub-Saharan_Africa.pkl
Tonga,TON,East Asia and Pacific,2027,-0.36083986352905423,-3.575606662345217,2.9959060973420772,fallback_region:East Asia and Pacific,saved/region_East_Asia_and_Pacific.pkl
Trinidad and Tobago,TTO,Latin America and Caribbean,2027,-1.5422440639834964,-12.076962964946336,8.242139868766117,fallback_region:Latin America and Caribbean,saved/region_Latin_America_and_Caribbean.pkl
Tunisia,TUN,Middle East and North Africa,2027,4.227895625198864,-1.6246607444308852,9.704575572398818,fallback_region:Middle East and North Africa,saved/region_Middle_East_and_North_Africa.pkl
Turkmenistan,TKM,Europe and Central Asia,2027,3.561550816966835,-0.6513907732097376,7.958805580838614,fallback_region:Europe and Central Asia,saved/region_Europe_and_Central_Asia.pkl
Turks and Caicos Islands,TCA,Latin America and Caribbean,2027,-1.5422440639834964,-11.190198290506206,8.390919898015271,fallback_region:Latin America and Caribbean,saved/region_Latin_America_and_Caribbean.pkl
Tuvalu,TUV,East Asia and Pacific,2027,-0.36083986352905423,-3.634217269841656,3.0740452357215755,fallback_region:East Asia and Pacific,saved/region_East_Asia_and_Pacific.pkl
Türkiye,TUR,Middle East and North Africa,2027,4.227895625198864,-1.4709581205604902,10.345018765289828,fallback_region:Middle East and North Africa,saved/region_Middle_East_and_North_Africa.pkl
Uganda,UGA,Sub-Saharan Africa,2027,0.9150376938466365,-0.38518121986376885,2.1832816669946586,country,saved/country_Uganda.pkl
Ukraine,UKR,Europe and Central Asia,2027,3.561550816966835,-0.5528904652308926,7.764932223357715,fallback_region:Europe and Central Asia,saved/region_Europe_and_Central_Asia.pkl
United Arab Emirates,ARE,Middle East and North Africa,2027,4.227895625198864,-1.4929118902850935,10.174967380304317,fallback_region:Middle East and North Africa,saved/region_Middle_East_and_North_Africa.pkl
United Kingdom of Great Britain and Northern Ireland,GBR,Europe and Central Asia,2027,3.561550816966835,-0.8472917945763839,7.594785610546598,fallback_region:Europe and Central Asia,saved/region_Europe_and_Central_Asia.pkl
United Republic of Tanzania,TZA,Sub-Saharan Africa,2027,0.4416910824833424,-0.3044237965085468,1.225571786290236,fallback_region:Sub-Saharan Africa,saved/region_Sub-Saharan_Africa.pkl
United States Virgin Islands,VIR,Latin America and Caribbean,2027,-1.5422440639834964,-10.916699113964144,8.280994282305416,fallback_region:Latin America and Caribbean,saved/region_Latin_America_and_Caribbean.pkl
United States of America,USA,North America,2027,0.1670186725006134,0.004717169008706008,0.3435050012345071,country,saved/country_United_States_of_America.pkl
Uruguay,URY,Latin America and Caribbean,2027,-1.5422440639834964,-11.365351147024322,7.953768294860893,fallback_region:Latin America and Caribbean,saved/region_Latin_America_and_Caribbean.pkl
Uzbekistan,UZB,Europe and Central Asia,2027,3.561550816966835,-0.7890763688857579,7.4013826098037985,fallback_region:Europe and Central Asia,saved/region_Europe_and_Central_Asia.pkl
Vanuatu,VUT,East Asia and Pacific,2027,-0.36083986352905423,-3.2451559427275645,3.010666103179752,fallback_region:East Asia and Pacific,saved/region_East_Asia_and_Pacific.pkl
Venezuela (Bolivarian Republic of),VEN,Latin America and Caribbean,2027,-1.5422440639834964,-11.476149643520484,7.818682611988794,fallback_region:Latin America and Caribbean,saved/region_Latin_America_and_Caribbean.pkl
Viet Nam,VNM,East Asia and Pacific,2027,0.06372474962729203,-0.13191023663265555,0.2568324649285386,country,saved/country_Viet_Nam.pkl
Yemen,YEM,Middle East and North Africa,2027,4.227895625198864,-1.4482186529402974,9.684410128162714,fallback_region:Middle East and North Africa,saved/region_Middle_East_and_North_Africa.pkl
Zambia,ZMB,Sub-Saharan Africa,2027,0.4416910824833424,-0.2893139154855557,1.2418224663710111,fallback_region:Sub-Saharan Africa,saved/region_Sub-Saharan_Africa.pkl
Zimbabwe,ZWE,Sub-Saharan Africa,2027,0.4416910824833424,-0.3468266308861122,1.240407618444812,fallback_region:Sub-Saharan Africa,saved/region_Sub-Saharan_Africa.pkl
Afghanistan,AFG,South Asia,2028,2.6729268098153334,-1.4076226010893012,6.994493877184462,country,saved/country_Afghanistan.pkl
Albania,ALB,Europe and Central Asia,2028,3.6739515201832407,-0.5196146342748034,7.493720452271207,fallback_region:Europe and Central Asia,saved/region_Europe_and_Central_Asia.pkl
Algeria,DZA,Middle East and North Africa,2028,4.427048121443373,-1.3227943912231295,10.212269278922815,fallback_region:Middle East and North Africa,saved/region_Middle_East_and_North_Africa.pkl
American Samoa,ASM,East Asia and Pacific,2028,-0.4514749716525525,-3.6040043871742657,2.8732938522870413,fallback_region:East Asia and Pacific,saved/region_East_Asia_and_Pacific.pkl
Angola,AGO,Sub-Saharan Africa,2028,0.4201596831506518,-0.3311845792518735,1.1978226231291216,fallback_region:Sub-Saharan Africa,saved/region_Sub-Saharan_Africa.pkl
Antigua and Barbuda,ATG,Latin America and Caribbean,2028,-1.8722144014569928,-11.368478154512434,7.844031636761232,fallback_region:Latin America and Caribbean,saved/region_Latin_America_and_Caribbean.pkl
Argentina,ARG,Latin America and Caribbean,2028,-1.8722144014569928,-11.6641643228661,7.4290444384394165,fallback_region:Latin America and Caribbean,saved/region_Latin_America_and_Caribbean.pkl
Armenia,ARM,Middle East and North Africa,2028,4.427048121443373,-1.33057872974765,10.096486586767115,fallback_region:Middle East and North Africa,saved/region_Middle_East_and_North_Africa.pkl
Australia,AUS,East Asia and Pacific,2028,-0.08104849362662396,-0.649387154389771,0.462491982247569,country,saved/country_Australia.pkl
Austria,AUT,Europe and Central Asia,2028,3.6739515201832407,-0.48424690699563244,7.896402635783909,fallback_region:Europe and Central Asia,saved/region_Europe_and_Central_Asia.pkl
Azerbaijan,AZE,Middle East and North Africa,2028,4.427048121443373,-1.3605940728916797,10.010146502588505,fallback_region:Middle East and North Africa,saved/region_Middle_East_and_North_Africa.pkl
Bahamas,BHS,Latin America and Caribbean,2028,-1.8722144014569928,-11.319224503140685,8.060480591313809,fallback_region:Latin America and Caribbean,saved/region_Latin_America_and_Caribbean.pkl
Bangladesh,BGD,South Asia,2028,-0.1036238663613009,-1.0404706447689642,0.8074676799087226,country,saved/country_Bangladesh.pkl
Barbados,BRB,Latin America and Caribbean,2028,-1.8722144014569928,-11.468219280827661,7.64863871706098,fallback_region:Latin America and Caribbean,saved/region_Latin_America_and_Caribbean.pkl
Belarus,BLR,Europe and Central Asia,2028,3.6739515201832407,-0.589581914744094,7.781507100564508,fallback_region:Europe and Central Asia,saved/region_Europe_and_Central_Asia.pkl
Belgium,BEL,Europe and Central Asia,2028,3.6739515201832407,-0.5095884878177717,7.709166102510693,fallback_region:Europe and Central Asia,saved/region_Europe_and_Central_Asia.pkl
Belize,BLZ,Latin America and Caribbean,2028,-1.8722144014569928,-10.875271347275403,8.336103791621545,fallback_region:Latin America and Caribbean,saved/region_Latin_America_and_Caribbean.pkl
Benin,BEN,Sub-Saharan Africa,2028,0.4201596831506518,-0.3338561269229195,1.1995836872164938,fallback_region:Sub-Saharan Africa,saved/region_Sub-Saharan_Africa.pkl
Bermuda,BMU,North America,2028,0.23728972940710236,0.05445719613669092,0.40665543360333173,fallback_region:North America,saved/region_North_America.pkl
Bhutan,BTN,South Asia,2028,-0.4472221731947846,-1.813687942875591,0.8448361247824242,fallback_region:South Asia,saved/region_South_Asia.pkl
Bolivia (Plurinational State of),BOL,Latin America and Caribbean,2028,-1.8722144014569928,-11.00513896383938,7.830098224476171,fallback_region:Latin America and Caribbean,saved/region_Latin_America_and_Caribbean.pkl
Bosnia and Herzegovina,BIH,Europe and Central Asia,2028,3.6739515201832407,-0.3231498588458665,7.7857188402588084,fallback_region:Europe and Central Asia,saved/region_Europe_and_Central_Asia.pkl
Botswana,BWA,Sub-Saharan Africa,2028,0.4201596831506518,-0.43040892235018047,1.22764498517339,fallback_region:Sub-Saharan Africa,saved/region_Sub-Saharan_Africa.pkl
Brazil,BRA,Latin America and Caribbean,2028,0.10805065087744457,-0.02417974979211491,0.244450411962606,country,saved/country_Brazil.pkl
British Virgin Islands,VGB,Latin America and Caribbean,2028,-1.8722144014569928,-11.661145480128956,8.140680205116679,fallback_region:Latin America and Caribbean,saved/region_Latin_America_and_Caribbean.pkl
Bulgaria,BGR,Europe and Central Asia,2028,3.6739515201832407,-0.5844414409595636,7.943557219149841,fallback_region:Europe and Central Asia,saved/region_Europe_and_Central_Asia.pkl
Burkina Faso,BFA,Sub-Saharan Africa,2028,0.4201596831506518,-0.39431302692883236,1.2026122686376566,fallback_region:Sub-Saharan Africa,saved/region_Sub-Saharan_Africa.pkl
Burundi,BDI,Sub-Saharan Africa,2028,0.4201596831506518,-0.3884356421197708,1.156458777191339,fallback_region:Sub-Saharan Africa,saved/region_Sub-Saharan_Africa.pkl
Cabo Verde,CPV,Sub-Saharan Africa,2028,0.4201596831506518,-0.43256001230330654,1.2574769161870776,fallback_region:Sub-Saharan Africa,saved/region_Sub-Saharan_Africa.pkl
Cambodia,KHM,East Asia and Pacific,2028,-0.4514749716525525,-3.677968286065439,2.5809606082534753,fallback_region:East Asia and Pacific,saved/region_East_Asia_and_Pacific.pkl
Cameroon,CMR,Sub-Saharan Africa,2028,0.4201596831506518,-0.34563401652560494,1.2298735423124016,fallback_region:Sub-Saharan Africa,saved/region_Sub-Saharan_Africa.pkl
Canada,CAN,North America,2028,0.23728972940710236,0.06977122129885983,0.40191816407076486,fallback_region:North America,saved/region_North_America.pkl
Cayman Islands,CYM,Latin America and Caribbean,2028,-1.8722144014569928,-11.702327763235683,7.469671452307402,fallback_region:Latin America and Caribbean,saved/region_Latin_America_and_Caribbean.pkl
Central African Republic,CAF,Sub-Saharan Africa,2028,0.4201596831506518,-0.37505049620713193,1.2622214644064627,fallback_region:Sub-Saharan Africa,saved/region_Sub-Saharan_Africa.pkl
Chad,TCD,Sub-Saharan Africa,2028,0.4201596831506518,-0.38663109938387985,1.1998866410219888,fallback_region:Sub-Saharan Africa,saved/region_Sub-Saharan_Africa.pkl
Chile,CHL,Latin America and Caribbean,2028,-1.8722144014569928,-11.584095825223935,8.078256841579229,fallback_region:Latin America and Caribbean,saved/region_Latin_America_and_Caribbean.pkl
China,CHN,East Asia and Pacific,2028,-0.3743911333817869,-1.8796107339444137,1.1868208476824336,country,saved/country_China.pkl
"China, Hong Kong Special Administrative Region",HKG,East Asia and Pacific,2028,-0.4514749716525525,-3.740828626547831,2.8322690338688816,fallback_region:East Asia and Pacific,saved/region_East_Asia_and_Pacific.pkl
"China, Macao Special Administrative Region",MAC,East Asia and Pacific,2028,-0.4514749716525525,-3.729187858561225,2.765888553726237,fallback_region:East Asia and Pacific,saved/region_East_Asia_and_Pacific.pkl
Colombia,COL,Latin America and Caribbean,2028,0.17791730157130187,-0.18128178611769052,0.5296891063647384,country,saved/country_Colombia.pkl
Comoros,COM,Sub-Saharan Africa,2028,0.4201596831506518,-0.33594568821065834,1.1793319447330899,fallback_region:Sub-Saharan Africa,saved/region_Sub-Saharan_Africa.pkl
Congo,COG,Sub-Saharan Africa,2028,0.4201596831506518,-0.3432115387250968,1.2407199297258356,fallback_region:Sub-Saharan Africa,saved/region_Sub-Saharan_Africa.pkl
Costa Rica,CRI,Latin America and Caribbean,2028,-1.8722144014569928,-11.454484906111636,7.919841827816207,fallback_region:Latin America and Caribbean,saved/region_Latin_America_and_Caribbean.pkl
Croatia,HRV,Europe and Central Asia,2028,3.6739515201832407,-0.24404920461622834,8.180770467899992,fallback_region:Europe and Central Asia,saved/region_Europe_and_Central_Asia.pkl
Cuba,CUB,Latin America and Caribbean,2028,-1.8722144014569928,-11.794453623155016,7.538504458881325,fallback_region:Latin America and Caribbean,saved/region_Latin_America_and_Caribbean.pkl
Cyprus,CYP,Middle East and North Africa,2028,4.427048121443373,-1.2905579782189367,9.97863319174769,fallback_region:Middle East and North Africa,saved/region_Middle_East_and_North_Africa.pkl
Czechia,CZE,Europe and Central Asia,2028,3.6739515201832407,-0.47921213082008185,8.041139636216073,fallback_region:Europe and Central Asia,saved/region_Europe_and_Central_Asia.pkl
Côte d’Ivoire,CIV,Sub-Saharan Africa,2028,0.4201596831506518,-0.3670803880573285,1.2028366348046715,fallback_region:Sub-Saharan Africa,saved/region_Sub-Saharan_Africa.pkl
Democratic People's Republic of Korea,PRK,East Asia and Pacific,2028,-0.4514749716525525,-3.733755926341842,2.7006260231045047,fallback_region:East Asia and Pacific,saved/region_East_Asia_and_Pacific.pkl
Democratic Republic of the Congo,COD,Sub-Saharan Africa,2028,0.8594755602672729,-0.8147815906050067,2.6057505586829044,country,saved/country_Democratic_Republic_of_the_Congo.pkl
Denmark,DNK,Europe and Central Asia,2028,3.6739515201832407,-0.3029613141079647,7.68280697951068,fallback_region:Europe and Central Asia,saved/region_Europe_and_Central_Asia.pkl
Djibouti,DJI,Sub-Saharan Africa,2028,0.4201596831506518,-0.3384860269462104,1.2286324451420285,fallback_region:Sub-Saharan Africa,saved/region_Sub-Saharan_Africa.pkl
Dominica,DMA,Latin America and Caribbean,2028,-1.8722144014569928,-10.939397666163948,8.469565049672868,fallback_region:Latin America and Caribbean,saved/region_Latin_America_and_Caribbean.pkl
Dominican Republic,DOM,Latin America and Caribbean,2028,-1.8722144014569928,-11.011550712273937,8.01323044692383,fallback_region:Latin America and Caribbean,saved/region_Latin_America_and_Caribbean.pkl
Ecuador,ECU,Latin America and Caribbean,2028,-1.8722144014569928,-10.861105656459854,7.443190571205736,fallback_region:Latin America and Caribbean,saved/region_Latin_America_and_Caribbean.pkl
Egypt,EGY,Middle East and North Africa,2028,4.427048121443373,-1.2580038930465314,10.517702303115176,fallback_region:Middle East and North Africa,saved/region_Middle_East_and_North_Africa.pkl
El Salvador,SLV,Latin America and Caribbean,2028,-1.8722144014569928,-11.524748262715388,8.237204728128816,fallback_region:Latin America and Caribbean,saved/region_Latin_America_and_Caribbean.pkl
Equatorial Guinea,GNQ,Sub-Saharan Africa,2028,0.4201596831506518,-0.3765262342250942,1.2428325562481044,fallback_region:Sub-Saharan Africa,saved/region_Sub-Saharan_Africa.pkl
Eritrea,ERI,Sub-Saharan Africa,2028,0.4201596831506518,-0.3700619202958003,1.2078268336664697,fallback_region:Sub-Saharan Africa,saved/region_Sub-Saharan_Africa.pkl
Estonia,EST,Europe and Central Asia,2028,3.6739515201832407,-0.6845316267752114,7.987300054171944,fallback_region:Europe and Central Asia,saved/region_Europe_and_Central_Asia.pkl
Eswatini,SWZ,Sub-Saharan Africa,2028,0.4201596831506518,-0.3785264491249075,1.1986051409945406,fallback_region:Sub-Saharan Africa,saved/region_Sub-Saharan_Africa.pkl
Ethiopia,ETH,Sub-Saharan Africa,2028,0.4201596831506518,-0.39516285799015793,1.2071014320466262,fallback_region:Sub-Saharan Africa,saved/region_Sub-Saharan_Africa.pkl
Fiji,FJI,East Asia and Pacific,2028,-0.4514749716525525,-3.2206415371707457,2.6101339546173574,fallback_region:East Asia and Pacific,saved/region_East_Asia_and_Pacific.pkl
Finland,FIN,Europe and Central Asia,2028,3.6739515201832407,-0.3904168266927468,7.587730438403604,fallback_region:Europe and Central Asia,saved/region_Europe_and_Central_Asia.pkl
France,FRA,Europe and Central Asia,2028,1.2841108611314203,-6.767850996111984,8.909906304925629,country,saved/country_France.pkl
French Polynesia,PYF,East Asia and Pacific,2028,-0.4514749716525525,-3.5925810549049837,2.5561772853091194,fallback_region:East Asia and Pacific,saved/region_East_Asia_and_Pacific.pkl
Gabon,GAB,Sub-Saharan Africa,2028,0.4201596831506518,-0.42519259005924503,1.234919441751238,fallback_region:Sub-Saharan Africa,saved/region_Sub-Saharan_Africa.pkl
Gambia,GMB,Sub-Saharan Africa,2028,0.4201596831506518,-0.41321384113920107,1.2163232681694394,fallback_region:Sub-Saharan Africa,saved/region_Sub-Saharan_Africa.pkl
Georgia,GEO,Middle East and North Africa,2028,4.427048121443373,-1.4621069850616568,10.124325554811458,fallback_region:Middle East and North Africa,saved/region_Middle_East_and_North_Africa.pkl
Germany,DEU,Europe and Central Asia,2028,3.6739515201832407,-0.512664621745022,7.909378362522887,fallback_region:Europe and Central Asia,saved/region_Europe_and_Central_Asia.pkl
Ghana,GHA,Sub-Saharan Africa,2028,0.4201596831506518,-0.38022976384143353,1.2179713682403301,fallback_region:Sub-Saharan Africa,saved/region_Sub-Saharan_Africa.pkl
Greece,GRC,Europe and Central Asia,2028,3.6739515201832407,-0.25923788528404007,7.913260136391583,fallback_region:Europe and Central Asia,saved/region_Europe_and_Central_Asia.pkl
Grenada,GRD,Latin America and Caribbean,2028,-1.8722144014569928,-12.484834489190115,7.474253521901991,fallback_region:Latin America and Caribbean,saved/region_Latin_America_and_Caribbean.pkl
Guam,GUM,East Asia and Pacific,2028,-0.4514749716525525,-3.595190321159901,2.8428905319803524,fallback_region:East Asia and Pacific,saved/region_East_Asia_and_Pacific.pkl
Guatemala,GTM,Latin America and Caribbean,2028,0.2478726953476482,-2.590065435087244,3.280699524656702,country,saved/country_Guatemala.pkl
Guinea,GIN,Sub-Saharan Africa,2028,0.4201596831506518,-0.3632581182702253,1.2378941519666498,fallback_region:Sub-Saharan Africa,saved/region_Sub-Saharan_Africa.pkl
Guinea-Bissau,GNB,Sub-Saharan Africa,2028,0.4201596831506518,-0.3832021760698353,1.1785774590795044,fallback_region:Sub-Saharan Africa,saved/region_Sub-Saharan_Africa.pkl
Guyana,GUY,Latin America and Caribbean,2028,-1.8722144014569928,-11.672463427035414,7.953796428606857,fallback_region:Latin America and Caribbean,saved/region_Latin_America_and_Caribbean.pkl
Haiti,HTI,Latin America and Caribbean,2028,-116.00751715515648,-681.3716014046026,423.1817357855585,country,saved/country_Haiti.pkl
Honduras,HND,Latin America and Caribbean,2028,-1.8722144014569928,-11.825915600479664,7.707484431564452,fallback_region:Latin America and Caribbean,saved/region_Latin_America_and_Caribbean.pkl
Hungary,HUN,Europe and Central Asia,2028,3.6739515201832407,-0.6993751895612882,7.560905925555256,fallback_region:Europe and Central Asia,saved/region_Europe_and_Central_Asia.pkl
Iceland,ISL,Europe and Central Asia,2028,3.6739515201832407,-0.09225086788729725,7.71395070572576,fallback_region:Europe and Central Asia,saved/region_Europe_and_Central_Asia.pkl
India,IND,South Asia,2028,-0.0031780206480076403,-0.46139286747353736,0.5083257684416508,country,saved/country_India.pkl
Indonesia,IDN,East Asia and Pacific,2028,-4.061805646261172,-22.059723639536355,13.610827806576092,country,saved/country_Indonesia.pkl
Iran (Islamic Republic of),IRN,South Asia,2028,-2.778770351019257,-11.933221051327948,5.856357154285353,country,saved/country_Iran_(Islamic_Republic_of).pkl
Iraq,IRQ,Middle East and North Africa,2028,4.427048121443373,-1.0227159983457141,10.141207881691017,fallback_region:Middle East and North Africa,saved/region_Middle_East_and_North_Africa.pkl
Ireland,IRL,Europe and Central Asia,2028,3.6739515201832407,-0.37344878070161425,7.918571987786157,fallback_region:Europe and Central Asia,saved/region_Europe_and_Central_Asia.pkl
Israel,ISR,Middle East and North Africa,2028,4.427048121443373,-1.2698331928478226,10.276520648359071,fallback_region:Middle East and North Africa,saved/region_Middle_East_and_North_Africa.pkl
Italy,ITA,Europe and Central Asia,2028,31.079640841696325,20.208671709240058,41.930994645487964,country,saved/country_Italy.pkl
Jamaica,JAM,Latin America and Caribbean,2028,-1.8722144014569928,-11.653242051652798,8.378231031000798,fallback_region:Latin America and Caribbean,saved/region_Latin_America_and_Caribbean.pkl
Japan,JPN,East Asia and Pacific,2028,-0.5564161194971905,-4.523384109161814,2.761251452040532,country,saved/country_Japan.pkl
Jordan,JOR,Middle East and North Africa,2028,4.427048121443373,-1.0629238440871076,10.1674512749897,fallback_region:Middle East and North Africa,saved/region_Middle_East_and_North_Africa.pkl
Kazakhstan,KAZ,Europe and Central Asia,2028,3.6739515201832407,-0.40701867039669176,7.928883031787392,fallback_region:Europe and Central Asia,saved/region_Europe_and_Central_Asia.pkl
Kenya,KEN,Sub-Saharan Africa,2028,0.37363432484154663,0.08546087231522864,0.6827750816864862,country,saved/country_Kenya.pkl
Kiribati,KIR,East Asia and Pacific,2028,-0.4514749716525525,-3.686155673433643,2.6407364637540724,fallback_region:East Asia and Pacific,saved/region_East_Asia_and_Pacific.pkl
Kuwait,KWT,Middle East and North Africa,2028,4.427048121443373,-1.2332649181076691,10.069078362570353,fallback_region:Middle East and North Africa,saved/region_Middle_East_and_North_Africa.pkl
Kyrgyzstan,KGZ,Europe and Central Asia,2028,3.6739515201832407,-0.1943471383710479,7.813943492816172,fallback_region:Europe and Central Asia,saved/region_Europe_and_Central_Asia.pkl
Lao People's Democratic Republic,LAO,East Asia and Pacific,2028,-0.4514749716525525,-3.6782697290160193,2.864664369778756,fallback_region:East Asia and Pacific,saved/region_East_Asia_and_Pacific.pkl
Latvia,LVA,Europe and Central Asia,2028,3.6739515201832407,-0.45278296839250964,7.846572108069581,fallback_region:Europe and Central Asia,saved/region_Europe_and_Central_Asia.pkl
Lebanon,LBN,Middle East and North Africa,2028,4.427048121443373,-1.405216422014368,10.166300652116263,fallback_region:Middle East and North Africa,saved/region_Middle_East_and_North_Africa.pkl
Lesotho,LSO,Sub-Saharan Africa,2028,0.4201596831506518,-0.3382887741952546,1.2041079370730163,fallback_region:Sub-Saharan Africa,saved/region_Sub-Saharan_Africa.pkl
Liberia,LBR,Sub-Saharan Africa,2028,0.4201596831506518,-0.34978340473399666,1.2314385096230713,fallback_region:Sub-Saharan Africa,saved/region_Sub-Saharan_Africa.pkl
Libya,LBY,Middle East and North Africa,2028,4.427048121443373,-0.9527531055762245,10.082780131716435,fallback_region:Middle East and North Africa,saved/region_Middle_East_and_North_Africa.pkl
Liechtenstein,LIE,Europe and Central Asia,2028,3.6739515201832407,-0.5605764378198718,7.788881504040701,fallback_region:Europe and Central Asia,saved/region_Europe_and_Central_Asia.pkl
Lithuania,LTU,Europe and Central Asia,2028,3.6739515201832407,-0.456254554771623,7.656211576534077,fallback_region:Europe and Central Asia,saved/region_Europe_and_Central_Asia.pkl
Luxembourg,LUX,Europe and Central Asia,2028,3.6739515201832407,-0.42431592011597186,7.614935391264313,fallback_region:Europe and Central Asia,saved/region_Europe_and_Central_Asia.pkl
Madagascar,MDG,Sub-Saharan Africa,2028,-0.06743942438940148,-0.9873608352062746,0.8768891571788283,country,saved/country_Madagascar.pkl
Malawi,MWI,Sub-Saharan Africa,2028,0.4201596831506518,-0.38077709972250345,1.2183041275451643,fallback_region:Sub-Saharan Africa,saved/region_Sub-Saharan_Africa.pkl
Malaysia,MYS,East Asia and Pacific,2028,-0.4514749716525525,-3.743634947320689,2.7707288321674928,fallback_region:East Asia and Pacific,saved/region_East_Asia_and_Pacific.pkl
Maldives,MDV,South Asia,2028,-0.4472221731947846,-1.8018850249761154,0.7966295873342301,fallback_region:South Asia,saved/region_South_Asia.pkl
Mali,MLI,Sub-Saharan Africa,2028,0.4201596831506518,-0.38285084550294995,1.2578375445309578,fallback_region:Sub-Saharan Africa,saved/region_Sub-Saharan_Africa.pkl
Malta,MLT,Europe and Central Asia,2028,3.6739515201832407,-0.4925644125523636,7.662935158365711,fallback_region:Europe and Central Asia,saved/region_Europe_and_Central_Asia.pkl
Marshall Islands,MHL,East Asia and Pacific,2028,-0.4514749716525525,-3.651095300483809,2.9667172641092727,fallback_region:East Asia and Pacific,saved/region_East_Asia_and_Pacific.pkl
Mauritania,MRT,Sub-Saharan Africa,2028,0.4201596831506518,-0.3658091973170611,1.17957340198571,fallback_region:Sub-Saharan Africa,saved/region_Sub-Saharan_Africa.pkl
Mauritius,MUS,Sub-Saharan Africa,2028,0.4201596831506518,-0.37942755229601655,1.2168325695180782,fallback_region:Sub-Saharan Africa,saved/region_Sub-Saharan_Africa.pkl
Mexico,MEX,Latin America and Caribbean,2028,0.08937062639504315,-0.01147512872281135,0.19577955026984065,country,saved/country_Mexico.pkl
Micronesia (Federated States of),FSM,East Asia and Pacific,2028,-0.4514749716525525,-4.129094198752426,2.750311193320449,fallback_region:East Asia and Pacific,saved/region_East_Asia_and_Pacific.pkl
Mongolia,MNG,East Asia and Pacific,2028,-0.4514749716525525,-3.4975996800247153,2.606218786727967,fallback_region:East Asia and Pacific,saved/region_East_Asia_and_Pacific.pkl
Montenegro,MNE,Europe and Central Asia,2028,3.6739515201832407,-0.3487963165918009,8.231568644854258,fallback_region:Europe and Central Asia,saved/region_Europe_and_Central_Asia.pkl
Morocco,MAR,Middle East and North Africa,2028,4.427048121443373,-1.084503265973219,10.24318144052348,fallback_region:Middle East and North Africa,saved/region_Middle_East_and_North_Africa.pkl
Mozambique,MOZ,Sub-Saharan Africa,2028,0.4777415682702621,-0.5469973578942634,1.6979896451735728,country,saved/country_Mozambique.pkl
Myanmar,MMR,East Asia and Pacific,2028,-0.4514749716525525,-3.6151849804604708,2.824461549392053,fallback_region:East Asia and Pacific,saved/region_East_Asia_and_Pacific.pkl
Namibia,NAM,Sub-Saharan Africa,2028,0.4201596831506518,-0.40047963473422116,1.1727594601997928,fallback_region:Sub-Saharan Africa,saved/region_Sub-Saharan_Africa.pkl
Nepal,NPL,South Asia,2028,3.117981794519354,-4.549086974493153,11.224631354799657,country,saved/country_Nepal.pkl
Netherlands (Kingdom of the),NLD,Europe and Central Asia,2028,3.6739515201832407,-0.49850716267162387,7.499088135907755,fallback_region:Europe and Central Asia,saved/region_Europe_and_Central_Asia.pkl
New Caledonia,NCL,East Asia and Pacific,2028,-0.4514749716525525,-3.4958205095014696,2.6883041960798404,fallback_region:East Asia and Pacific,saved/region_East_Asia_and_Pacific.pkl
New Zealand,NZL,East Asia and Pacific,2028,-0.4514749716525525,-3.410864569796088,2.6548686667686425,fallback_region:East Asia and Pacific,saved/region_East_Asia_and_Pacific.pkl
Nicaragua,NIC,Latin America and Caribbean,2028,-1.8722144014569928,-11.265498226727656,8.091436557419895,fallback_region:Latin America and Caribbean,saved/region_Latin_America_and_Caribbean.pkl
Niger,NER,Sub-Saharan Africa,2028,0.5929851132640671,-0.20564454109563257,1.5054930921352685,country,saved/country_Niger.pkl
Nigeria,NGA,Sub-Saharan Africa,2028,0.49122094270664046,-0.021033023770093227,1.0187245295342746,country,saved/country_Nigeria.pkl
North Macedonia,MKD,Europe and Central Asia,2028,3.6739515201832407,-0.2515169783855853,8.140411179592135,fallback_region:Europe and Central Asia,saved/region_Europe_and_Central_Asia.pkl
Northern Mariana Islands,MNP,East Asia and Pacific,2028,-0.4514749716525525,-3.6015766006018506,2.7430310134816245,fallback_region:East Asia and Pacific,saved/region_East_Asia_and_Pacific.pkl
Norway,NOR,Europe and Central Asia,2028,3.6739515201832407,-0.43294752716775575,7.646262708546461,fallback_region:Europe and Central Asia,saved/region_Europe_and_Central_Asia.pkl
Oman,OMN,Middle East and North Africa,2028,4.427048121443373,-1.7244404207603126,9.997393965374334,fallback_region:Middle East and North Africa,saved/region_Middle_East_and_North_Africa.pkl
Pakistan,PAK,South Asia,2028,-1.5940695333443198,-12.431352540054327,8.514224758465957,country,saved/country_Pakistan.pkl
Palau,PLW,East Asia and Pacific,2028,-0.4514749716525525,-3.6878194351936244,2.6328865851152927,fallback_region:East Asia and Pacific,saved/region_East_Asia_and_Pacific.pkl
Panama,PAN,Latin America and Caribbean,2028,-1.8722144014569928,-12.06857350172236,7.391413232032878,fallback_region:Latin America and Caribbean,saved/region_Latin_America_and_Caribbean.pkl
Papua New Guinea,PNG,East Asia and Pacific,2028,-0.4514749716525525,-3.555032047728698,2.667447776075986,fallback_region:East Asia and Pacific,saved/region_East_Asia_and_Pacific.pkl
Paraguay,PRY,Latin America and Caribbean,2028,-1.8722144014569928,-11.779857864221237,7.77528971517085,fallback_region:Latin America and Caribbean,saved/region_Latin_America_and_Caribbean.pkl
Peru,PER,Latin America and Caribbean,2028,0.09069518086008237,-0.7181195201882262,0.9161668777576121,country,saved/country_Peru.pkl
Philippines,PHL,East Asia and Pacific,2028,-0.4805846296695417,-2.2170332661866285,1.299068412858602,country,saved/country_Philippines.pkl
Poland,POL,Europe and Central Asia,2028,5.674116473443386,4.9643283547782815,6.3869462237196535,country,saved/country_Poland.pkl
Portugal,PRT,Europe and Central Asia,2028,3.6739515201832407,-0.3051879885490361,7.855522827607609,fallback_region:Europe and Central Asia,saved/region_Europe_and_Central_Asia.pkl
Puerto Rico,PRI,Latin America and Caribbean,2028,-1.8722144014569928,-11.316111494481477,7.798081194521993,fallback_region:Latin America and Caribbean,saved/region_Latin_America_and_Caribbean.pkl
Qatar,QAT,Middle East and North Africa,2028,4.427048121443373,-1.6457968412114081,10.219826593030504,fallback_region:Middle East and North Africa,saved/region_Middle_East_and_North_Africa.pkl
Republic of Korea,KOR,East Asia and Pacific,2028,-0.4514749716525525,-3.5932334087047644,2.5696993898532243,fallback_region:East Asia and Pacific,saved/region_East_Asia_and_Pacific.pkl
Republic of Moldova,MDA,Europe and Central Asia,2028,3.6739515201832407,-0.4917267631784793,7.896053117830674,fallback_region:Europe and Central Asia,saved/region_Europe_and_Central_Asia.pkl
Romania,ROU,Europe and Central Asia,2028,36.37438593776951,33.20397895977627,39.315815826407594,country,saved/country_Romania.pkl
Russian Federation,RUS,Europe and Central Asia,2028,3.6739515201832407,-0.333770189303572,7.813612067629555,fallback_region:Europe and Central Asia,saved/region_Europe_and_Central_Asia.pkl
Rwanda,RWA,Sub-Saharan Africa,2028,0.4201596831506518,-0.30961592287695355,1.2688004978314422,fallback_region:Sub-Saharan Africa,saved/region_Sub-Saharan_Africa.pkl
Saint Kitts and Nevis,KNA,Latin America and Caribbean,2028,-1.8722144014569928,-12.117166038460216,7.202260972423673,fallback_region:Latin America and Caribbean,saved/region_Latin_America_and_Caribbean.pkl
Saint Lucia,LCA,Latin America and Caribbean,2028,-1.8722144014569928,-11.292888314849229,8.09031682001316,fallback_region:Latin America and Caribbean,saved/region_Latin_America_and_Caribbean.pkl
Saint Martin (French Part),MAF,Latin America and Caribbean,2028,-1.8722144014569928,-11.272894354041185,7.807565812751652,fallback_region:Latin America and Caribbean,saved/region_Latin_America_and_Caribbean.pkl
Saint Vincent and the Grenadines,VCT,Latin America and Caribbean,2028,-1.8722144014569928,-11.377774187236517,7.668891475002391,fallback_region:Latin America and Caribbean,saved/region_Latin_America_and_Caribbean.pkl
Samoa,WSM,East Asia and Pacific,2028,-0.4514749716525525,-3.6681070377911946,2.9222161721485596,fallback_region:East Asia and Pacific,saved/region_East_Asia_and_Pacific.pkl
Sao Tome and Principe,STP,Sub-Saharan Africa,2028,0.4201596831506518,-0.3937777657691655,1.2339784619943246,fallback_region:Sub-Saharan Africa,saved/region_Sub-Saharan_Africa.pkl
Saudi Arabia,SAU,Middle East and North Africa,2028,4.427048121443373,-1.3538827785463852,9.953053345807291,fallback_region:Middle East and North Africa,saved/region_Middle_East_and_North_Africa.pkl
Senegal,SEN,Sub-Saharan Africa,2028,0.4201596831506518,-0.3453105185137282,1.183852540777613,fallback_region:Sub-Saharan Africa,saved/region_Sub-Saharan_Africa.pkl
Serbia,SRB,Europe and Central Asia,2028,3.6739515201832407,-0.7023212006217191,7.987620909852464,fallback_region:Europe and Central Asia,saved/region_Europe_and_Central_Asia.pkl
Seychelles,SYC,Sub-Saharan Africa,2028,0.4201596831506518,-0.3386491384322268,1.2279849505681992,fallback_region:Sub-Saharan Africa,saved/region_Sub-Saharan_Africa.pkl
Sierra Leone,SLE,Sub-Saharan Africa,2028,0.4201596831506518,-0.37652358127451185,1.219603078106585,fallback_region:Sub-Saharan Africa,saved/region_Sub-Saharan_Africa.pkl
Singapore,SGP,East Asia and Pacific,2028,-0.4514749716525525,-3.8304945717905965,2.6723559581659986,fallback_region:East Asia and Pacific,saved/region_East_Asia_and_Pacific.pkl
Sint Maarten (Dutch part),SXM,Latin America and Caribbean,2028,-1.8722144014569928,-11.507546726765502,7.621815515312419,fallback_region:Latin America and Caribbean,saved/region_Latin_America_and_Caribbean.pkl
Slovakia,SVK,Europe and Central Asia,2028,3.6739515201832407,-0.3081229070386421,7.758032064090072,fallback_region:Europe and Central Asia,saved/region_Europe_and_Central_Asia.pkl
Slovenia,SVN,Europe and Central Asia,2028,3.6739515201832407,-0.35331916431679244,7.939818297491243,fallback_region:Europe and Central Asia,saved/region_Europe_and_Central_Asia.pkl
Solomon Islands,SLB,East Asia and Pacific,2028,-0.4514749716525525,-3.528770922136411,2.692960482783015,fallback_region:East Asia and Pacific,saved/region_East_Asia_and_Pacific.pkl
Somalia,SOM,Sub-Saharan Africa,2028,0.4201596831506518,-0.39692435665992426,1.1772130036063495,fallback_region:Sub-Saharan Africa,saved/region_Sub-Saharan_Africa.pkl
South Africa,ZAF,Sub-Saharan Africa,2028,0.31500198591389184,0.08756658239433099,0.548617785182606,country,saved/country_South_Africa.pkl
South Sudan,SSD,Sub-Saharan Africa,2028,0.4201596831506518,-0.377950222101146,1.229814871627429,fallback_region:Sub-Saharan Africa,saved/region_Sub-Saharan_Africa.pkl
Spain,ESP,Europe and Central Asia,2028,3.6739515201832407,-0.6798429372188015,7.844199381746593,fallback_region:Europe and Central Asia,saved/region_Europe_and_Central_Asia.pkl
Sri Lanka,LKA,South Asia,2028,-9.770109497459446,-48.29263226576167,33.64889700472277,country,saved/country_Sri_Lanka.pkl
State of Palestine,PSE,Middle East and North Africa,2028,4.427048121443373,-1.3287750985021152,10.13608605368536,fallback_region:Middle East and North Africa,saved/region_Middle_East_and_North_Africa.pkl
Sudan,SDN,Middle East and North Africa,2028,0.6592177108486882,-0.4938842872338862,2.0019522774181784,country,saved/country_Sudan.pkl
Suriname,SUR,Latin America and Caribbean,2028,-1.8722144014569928,-12.069271561492043,7.650617273640167,fallback_region:Latin America and Caribbean,saved/region_Latin_America_and_Caribbean.pkl
Sweden,SWE,Europe and Central Asia,2028,3.6739515201832407,-0.8926827059225437,7.580348648122549,fallback_region:Europe and Central Asia,saved/region_Europe_and_Central_Asia.pkl
Switzerland,CHE,Europe and Central Asia,2028,3.6739515201832407,-0.6107591757101187,7.6648281374063165,fallback_region:Europe and Central Asia,saved/region_Europe_and_Central_Asia.pkl
Syrian Arab Republic,SYR,Middle East and North Africa,2028,4.427048121443373,-1.4672661890543142,10.308769425195049,fallback_region:Middle East and North Africa,saved/region_Middle_East_and_North_Africa.pkl
Tajikistan,TJK,Europe and Central Asia,2028,3.6739515201832407,-0.5668895632248256,7.817783569823359,fallback_region:Europe and Central Asia,saved/region_Europe_and_Central_Asia.pkl
Thailand,THA,East Asia and Pacific,2028,-0.7070851114829135,-4.083011038997049,2.2784828242448953,country,saved/country_Thailand.pkl
Timor-Leste,TLS,East Asia and Pacific,2028,-0.4514749716525525,-3.5736384654020235,2.7196382472756007,fallback_region:East Asia and Pacific,saved/region_East_Asia_and_Pacific.pkl
Togo,TGO,Sub-Saharan Africa,2028,0.4201596831506518,-0.41508009838933724,1.1966275310005454,fallback_region:Sub-Saharan Africa,saved/region_Sub-Saharan_Africa.pkl
Tonga,TON,East Asia and Pacific,2028,-0.4514749716525525,-3.612735223228637,2.6367497502458415,fallback_region:East Asia and Pacific,saved/region_East_Asia_and_Pacific.pkl
Trinidad and Tobago,TTO,Latin America and Caribbean,2028,-1.8722144014569928,-11.7620305750173,8.116293140338168,fallback_region:Latin America and Caribbean,saved/region_Latin_America_and_Caribbean.pkl
Tunisia,TUN,Middle East and North Africa,2028,4.427048121443373,-1.248150237698473,9.835642041336321,fallback_region:Middle East and North Africa,saved/region_Middle_East_and_North_Africa.pkl
Turkmenistan,TKM,Europe and Central Asia,2028,3.6739515201832407,-0.243193450235909,7.865264232939937,fallback_region:Europe and Central Asia,saved/region_Europe_and_Central_Asia.pkl
Turks and Caicos Islands,TCA,Latin America and Caribbean,2028,-1.8722144014569928,-11.099096982520363,8.377696738382863,fallback_region:Latin America and Caribbean,saved/region_Latin_America_and_Caribbean.pkl
Tuvalu,TUV,East Asia and Pacific,2028,-0.4514749716525525,-3.7993187170389806,2.7383637109151855,fallback_region:East Asia and Pacific,saved/region_East_Asia_and_Pacific.pkl
Türkiye,TUR,Middle East and North Africa,2028,4.427048121443373,-1.3260927123128425,10.22481297028243,fallback_region:Middle East and North Africa,saved/region_Middle_East_and_North_Africa.pkl
Uganda,UGA,Sub-Saharan Africa,2028,0.9425905600021252,-0.27400668902080183,2.3654022153266996,country,saved/country_Uganda.pkl
Ukraine,UKR,Europe and Central Asia,2028,3.6739515201832407,-0.611301488963656,7.73923059526613,fallback_region:Europe and Central Asia,saved/region_Europe_and_Central_Asia.pkl
United Arab Emirates,ARE,Middle East and North Africa,2028,4.427048121443373,-1.1070963157503713,10.266543792427045,fallback_region:Middle East and North Africa,saved/region_Middle_East_and_North_Africa.pkl
United Kingdom of Great Britain and Northern Ireland,GBR,Europe and Central Asia,2028,3.6739515201832407,-0.42168539718305575,8.144802946818672,fallback_region:Europe and Central Asia,saved/region_Europe_and_Central_Asia.pkl
United Republic of Tanzania,TZA,Sub-Saharan Africa,2028,0.4201596831506518,-0.3267785682478955,1.2476567301196002,fallback_region:Sub-Saharan Africa,saved/region_Sub-Saharan_Africa.pkl
United States Virgin Islands,VIR,Latin America and Caribbean,2028,-1.8722144014569928,-11.726238756854807,8.005216557598034,fallback_region:Latin America and Caribbean,saved/region_Latin_America_and_Caribbean.pkl
United States of America,USA,North America,2028,0.16890156478798773,-0.016187604061767637,0.34004181165728015,country,saved/country_United_States_of_America.pkl
Uruguay,URY,Latin America and Caribbean,2028,-1.8722144014569928,-11.821388778214997,6.738743633664794,fallback_region:Latin America and Caribbean,saved/region_Latin_America_and_Caribbean.pkl
Uzbekistan,UZB,Europe and Central Asia,2028,3.6739515201832407,-0.9207050406890128,7.742791332606769,fallback_region:Europe and Central Asia,saved/region_Europe_and_Central_Asia.pkl
Vanuatu,VUT,East Asia and Pacific,2028,-0.4514749716525525,-3.5461435659984684,2.5297061875532347,fallback_region:East Asia and Pacific,saved/region_East_Asia_and_Pacific.pkl
Venezuela (Bolivarian Republic of),VEN,Latin America and Caribbean,2028,-1.8722144014569928,-11.9456566576658,7.738014441254421,fallback_region:Latin America and Caribbean,saved/region_Latin_America_and_Caribbean.pkl
Viet Nam,VNM,East Asia and Pacific,2028,0.052402637923380374,-0.1533682263829642,0.2654973067042516,country,saved/country_Viet_Nam.pkl
Yemen,YEM,Middle East and North Africa,2028,4.427048121443373,-1.389163741420892,10.070072428262149,fallback_region:Middle East and North Africa,saved/region_Middle_East_and_North_Africa.pkl
Zambia,ZMB,Sub-Saharan Africa,2028,0.4201596831506518,-0.31126181789789015,1.2191638998961662,fallback_region:Sub-Saharan Africa,saved/region_Sub-Saharan_Africa.pkl
Zimbabwe,ZWE,Sub-Saharan Africa,2028,0.4201596831506518,-0.38336032067102266,1.2200181600805857,fallback_region:Sub-Saharan Africa,saved/region_Sub-Saharan_Africa.pkl
Afghanistan,AFG,South Asia,2029,2.7846010996805672,-1.7004098812905863,7.067667550056357,country,saved/country_Afghanistan.pkl
Albania,ALB,Europe and Central Asia,2029,3.786045117653153,-0.07140231568128638,8.133601361601919,fallback_region:Europe and Central Asia,saved/region_Europe_and_Central_Asia.pkl
Algeria,DZA,Middle East and North Africa,2029,4.62565648518448,-1.016242538228905,10.350697825447751,fallback_region:Middle East and North Africa,saved/region_Middle_East_and_North_Africa.pkl
American Samoa,ASM,East Asia and Pacific,2029,-0.5418624428686087,-3.7646076920338434,2.5055912258658837,fallback_region:East Asia and Pacific,saved/region_East_Asia_and_Pacific.pkl
Angola,AGO,Sub-Saharan Africa,2029,0.3986871127778867,-0.46126556780370087,1.200547324986211,fallback_region:Sub-Saharan Africa,saved/region_Sub-Saharan_Africa.pkl
Antigua and Barbuda,ATG,Latin America and Caribbean,2029,-2.2012831806313793,-12.083710737808515,7.516539164082856,fallback_region:Latin America and Caribbean,saved/region_Latin_America_and_Caribbean.pkl
Argentina,ARG,Latin America and Caribbean,2029,-2.2012831806313793,-12.269134874197597,6.868314222148231,fallback_region:Latin America and Caribbean,saved/region_Latin_America_and_Caribbean.pkl
Armenia,ARM,Middle East and North Africa,2029,4.62565648518448,-1.1558159356560502,10.328078533536715,fallback_region:Middle East and North Africa,saved/region_Middle_East_and_North_Africa.pkl
Australia,AUS,East Asia and Pacific,2029,-0.10235866215795668,-0.7221681557750875,0.48559606136713535,country,saved/country_Australia.pkl
Austria,AUT,Europe and Central Asia,2029,3.786045117653153,-0.4148501246113585,7.736517546613362,fallback_region:Europe and Central Asia,saved/region_Europe_and_Central_Asia.pkl
Azerbaijan,AZE,Middle East and North Africa,2029,4.62565648518448,-1.0581401579719227,10.7133513033647,fallback_region:Middle East and North Africa,saved/region_Middle_East_and_North_Africa.pkl
Bahamas,BHS,Latin America and Caribbean,2029,-2.2012831806313793,-12.494629448497106,7.886028358805421,fallback_region:Latin America and Caribbean,saved/region_Latin_America_and_Caribbean.pkl
Bangladesh,BGD,South Asia,2029,-0.13041236957725885,-1.0687556985028062,0.8418624931360907,country,saved/country_Bangladesh.pkl
Barbados,BRB,Latin America and Caribbean,2029,-2.2012831806313793,-11.809233446528701,7.132923354796362,fallback_region:Latin America and Caribbean,saved/region_Latin_America_and_Caribbean.pkl
Belarus,BLR,Europe and Central Asia,2029,3.786045117653153,-0.37583581679998707,7.98931598164676,fallback_region:Europe and Central Asia,saved/region_Europe_and_Central_Asia.pkl
Belgium,BEL,Europe and Central Asia,2029,3.786045117653153,-0.3892671554457729,7.799447952388072,fallback_region:Europe and Central Asia,saved/region_Europe_and_Central_Asia.pkl
Belize,BLZ,Latin America and Caribbean,2029,-2.2012831806313793,-11.749183176013815,7.620784373169726,fallback_region:Latin America and Caribbean,saved/region_Latin_America_and_Caribbean.pkl
Benin,BEN,Sub-Saharan Africa,2029,0.3986871127778867,-0.4030483938834187,1.1526070096145813,fallback_region:Sub-Saharan Africa,saved/region_Sub-Saharan_Africa.pkl
Bermuda,BMU,North America,2029,0.24632036521250517,0.07632756103911677,0.42387929727112056,fallback_region:North America,saved/region_North_America.pkl
Bhutan,BTN,South Asia,2029,-0.5193450288684403,-1.796942499099443,0.7337393853530277,fallback_region:South Asia,saved/region_South_Asia.pkl
Bolivia (Plurinational State of),BOL,Latin America and Caribbean,2029,-2.2012831806313793,-12.177392480024622,7.3011888037635435,fallback_region:Latin America and Caribbean,saved/region_Latin_America_and_Caribbean.pkl
Bosnia and Herzegovina,BIH,Europe and Central Asia,2029,3.786045117653153,-0.2960495089912688,8.005364233195866,fallback_region:Europe and Central Asia,saved/region_Europe_and_Central_Asia.pkl
Botswana,BWA,Sub-Saharan Africa,2029,0.3986871127778867,-0.29681623455250594,1.129682730119428,fallback_region:Sub-Saharan Africa,saved/region_Sub-Saharan_Africa.pkl
Brazil,BRA,Latin America and Caribbean,2029,0.1089128023113378,-0.02543917922375307,0.2503250068106908,country,saved/country_Brazil.pkl
British Virgin Islands,VGB,Latin America and Caribbean,2029,-2.2012831806313793,-11.791910369748301,7.671794790787545,fallback_region:Latin America and Caribbean,saved/region_Latin_America_and_Caribbean.pkl
Bulgaria,BGR,Europe and Central Asia,2029,3.786045117653153,-0.1768507159307511,7.891085076658911,fallback_region:Europe and Central Asia,saved/region_Europe_and_Central_Asia.pkl
Burkina Faso,BFA,Sub-Saharan Africa,2029,0.3986871127778867,-0.3911059330359782,1.2053257526384327,fallback_region:Sub-Saharan Africa,saved/region_Sub-Saharan_Africa.pkl
Burundi,BDI,Sub-Saharan Africa,2029,0.3986871127778867,-0.4124948974023373,1.2155315569906036,fallback_region:Sub-Saharan Africa,saved/region_Sub-Saharan_Africa.pkl
Cabo Verde,CPV,Sub-Saharan Africa,2029,0.3986871127778867,-0.3638716274674886,1.1436907354055417,fallback_region:Sub-Saharan Africa,saved/region_Sub-Saharan_Africa.pkl
Cambodia,KHM,East Asia and Pacific,2029,-0.5418624428686087,-3.694850597888358,2.4810211436433534,fallback_region:East Asia and Pacific,saved/region_East_Asia_and_Pacific.pkl
Cameroon,CMR,Sub-Saharan Africa,2029,0.3986871127778867,-0.40837208786302137,1.1247528985476782,fallback_region:Sub-Saharan Africa,saved/region_Sub-Saharan_Africa.pkl
Canada,CAN,North America,2029,0.24632036521250517,0.07524123547617721,0.40998482485701926,fallback_region:North America,saved/region_North_America.pkl
Cayman Islands,CYM,Latin America and Caribbean,2029,-2.2012831806313793,-11.589526413645592,7.3242239120653085,fallback_region:Latin America and Caribbean,saved/region_Latin_America_and_Caribbean.pkl
Central African Republic,CAF,Sub-Saharan Africa,2029,0.3986871127778867,-0.3893806008312273,1.2158478706905387,fallback_region:Sub-Saharan Africa,saved/region_Sub-Saharan_Africa.pkl
Chad,TCD,Sub-Saharan Africa,2029,0.3986871127778867,-0.38615112124259154,1.215552071253608,fallback_region:Sub-Saharan Africa,saved/region_Sub-Saharan_Africa.pkl
Chile,CHL,Latin America and Caribbean,2029,-2.2012831806313793,-12.156586372964549,7.589594168274055,fallback_region:Latin America and Caribbean,saved/region_Latin_America_and_Caribbean.pkl
China,CHN,East Asia and Pacific,2029,-0.4301537976723123,-2.0843749232995314,1.2585311354832311,country,saved/country_China.pkl
"China, Hong Kong Special Administrative Region",HKG,East Asia and Pacific,2029,-0.5418624428686087,-3.7846773591715897,2.5535159135221766,fallback_region:East Asia and Pacific,saved/region_East_Asia_and_Pacific.pkl
"China, Macao Special Administrative Region",MAC,East Asia and Pacific,2029,-0.5418624428686087,-3.610641329388114,2.719992747986777,fallback_region:East Asia and Pacific,saved/region_East_Asia_and_Pacific.pkl
Colombia,COL,Latin America and Caribbean,2029,0.1688381475779642,-0.19276839185371178,0.5220232778719915,country,saved/country_Colombia.pkl
Comoros,COM,Sub-Saharan Africa,2029,0.3986871127778867,-0.30009390755469195,1.1782731694272934,fallback_region:Sub-Saharan Africa,saved/region_Sub-Saharan_Africa.pkl
Congo,COG,Sub-Saharan Africa,2029,0.3986871127778867,-0.38434816090563856,1.1997758671802257,fallback_region:Sub-Saharan Africa,saved/region_Sub-Saharan_Africa.pkl
Costa Rica,CRI,Latin America and Caribbean,2029,-2.2012831806313793,-11.421887291685836,7.743264880373951,fallback_region:Latin America and Caribbean,saved/region_Latin_America_and_Caribbean.pkl
Croatia,HRV,Europe and Central Asia,2029,3.786045117653153,-0.6446597836697842,8.11724048645075,fallback_region:Europe and Central Asia,saved/region_Europe_and_Central_Asia.pkl
Cuba,CUB,Latin America and Caribbean,2029,-2.2012831806313793,-11.091560992156186,7.3617953739941075,fallback_region:Latin America and Caribbean,saved/region_Latin_America_and_Caribbean.pkl
Cyprus,CYP,Middle East and North Africa,2029,4.62565648518448,-1.2241711226602783,10.414558898952846,fallback_region:Middle East and North Africa,saved/region_Middle_East_and_North_Africa.pkl
Czechia,CZE,Europe and Central Asia,2029,3.786045117653153,-0.02423338904573396,7.922574677050664,fallback_region:Europe and Central Asia,saved/region_Europe_and_Central_Asia.pkl
Côte d’Ivoire,CIV,Sub-Saharan Africa,2029,0.3986871127778867,-0.45438345522183343,1.2011742502251268,fallback_region:Sub-Saharan Africa,saved/region_Sub-Saharan_Africa.pkl
Democratic People's Republic of Korea,PRK,East Asia and Pacific,2029,-0.5418624428686087,-3.6661820417379136,2.5817813261961744,fallback_region:East Asia and Pacific,saved/region_East_Asia_and_Pacific.pkl
Democratic Republic of the Congo,COD,Sub-Saharan Africa,2029,0.852253484934911,-0.9485381951918914,2.500605045934254,country,saved/country_Democratic_Republic_of_the_Congo.pkl
Denmark,DNK,Europe and Central Asia,2029,3.786045117653153,-0.4781867003663588,7.830669049342496,fallback_region:Europe and Central Asia,saved/region_Europe_and_Central_Asia.pkl
Djibouti,DJI,Sub-Saharan Africa,2029,0.3986871127778867,-0.33727528237594245,1.1924194225981073,fallback_region:Sub-Saharan Africa,saved/region_Sub-Saharan_Africa.pkl
Dominica,DMA,Latin America and Caribbean,2029,-2.2012831806313793,-11.5579796440439,7.063174437431768,fallback_region:Latin America and Caribbean,saved/region_Latin_America_and_Caribbean.pkl
Dominican Republic,DOM,Latin America and Caribbean,2029,-2.2012831806313793,-11.878873827321065,7.341929957799064,fallback_region:Latin America and Caribbean,saved/region_Latin_America_and_Caribbean.pkl
Ecuador,ECU,Latin America and Caribbean,2029,-2.2012831806313793,-11.886752069468821,7.745239075315356,fallback_region:Latin America and Caribbean,saved/region_Latin_America_and_Caribbean.pkl
Egypt,EGY,Middle East and North Africa,2029,4.62565648518448,-1.0897203433451317,10.706009363331045,fallback_region:Middle East and North Africa,saved/region_Middle_East_and_North_Africa.pkl
El Salvador,SLV,Latin America and Caribbean,2029,-2.2012831806313793,-12.611332873895964,7.787342239856771,fallback_region:Latin America and Caribbean,saved/region_Latin_America_and_Caribbean.pkl
Equatorial Guinea,GNQ,Sub-Saharan Africa,2029,0.3986871127778867,-0.4004147117347931,1.1803199461996956,fallback_region:Sub-Saharan Africa,saved/region_Sub-Saharan_Africa.pkl
Eritrea,ERI,Sub-Saharan Africa,2029,0.3986871127778867,-0.3940129118248928,1.1780559720899713,fallback_region:Sub-Saharan Africa,saved/region_Sub-Saharan_Africa.pkl
Estonia,EST,Europe and Central Asia,2029,3.786045117653153,-0.3916757551105263,7.975014883643929,fallback_region:Europe and Central Asia,saved/region_Europe_and_Central_Asia.pkl
Eswatini,SWZ,Sub-Saharan Africa,2029,0.3986871127778867,-0.38598517093536117,1.207334518163283,fallback_region:Sub-Saharan Africa,saved/region_Sub-Saharan_Africa.pkl
Ethiopia,ETH,Sub-Saharan Africa,2029,0.3986871127778867,-0.3767368208645717,1.180287307894837,fallback_region:Sub-Saharan Africa,saved/region_Sub-Saharan_Africa.pkl
Fiji,FJI,East Asia and Pacific,2029,-0.5418624428686087,-3.794543604970189,2.481005182256394,fallback_region:East Asia and Pacific,saved/region_East_Asia_and_Pacific.pkl
Finland,FIN,Europe and Central Asia,2029,3.786045117653153,-0.7277978524324564,7.978216477931161,fallback_region:Europe and Central Asia,saved/region_Europe_and_Central_Asia.pkl
France,FRA,Europe and Central Asia,2029,1.218286990619686,-6.3647612259955295,9.288419035598693,country,saved/country_France.pkl
French Polynesia,PYF,East Asia and Pacific,2029,-0.5418624428686087,-3.8948964811390914,2.573229005228963,fallback_region:East Asia and Pacific,saved/region_East_Asia_and_Pacific.pkl
Gabon,GAB,Sub-Saharan Africa,2029,0.3986871127778867,-0.35206815865055857,1.1751308100594664,fallback_region:Sub-Saharan Africa,saved/region_Sub-Saharan_Africa.pkl
Gambia,GMB,Sub-Saharan Africa,2029,0.3986871127778867,-0.3908777040881592,1.1562304489741202,fallback_region:Sub-Saharan Africa,saved/region_Sub-Saharan_Africa.pkl
Georgia,GEO,Middle East and North Africa,2029,4.62565648518448,-1.6992999479644466,10.390203040610858,fallback_region:Middle East and North Africa,saved/region_Middle_East_and_North_Africa.pkl
Germany,DEU,Europe and Central Asia,2029,3.786045117653153,-0.41823202887918876,7.883220807146598,fallback_region:Europe and Central Asia,saved/region_Europe_and_Central_Asia.pkl
Ghana,GHA,Sub-Saharan Africa,2029,0.3986871127778867,-0.4032961774299465,1.2047599395396256,fallback_region:Sub-Saharan Africa,saved/region_Sub-Saharan_Africa.pkl
Greece,GRC,Europe and Central Asia,2029,3.786045117653153,-0.25014990437111495,8.122026032335098,fallback_region:Europe and Central Asia,saved/region_Europe_and_Central_Asia.pkl
Grenada,GRD,Latin America and Caribbean,2029,-2.2012831806313793,-12.673871534904475,7.034800766232753,fallback_region:Latin America and Caribbean,saved/region_Latin_America_and_Caribbean.pkl
Guam,GUM,East Asia and Pacific,2029,-0.5418624428686087,-4.014751182055931,2.4080631403915462,fallback_region:East Asia and Pacific,saved/region_East_Asia_and_Pacific.pkl
Guatemala,GTM,Latin America and Caribbean,2029,0.20157748246119517,-2.7402233114623376,3.2213212226121724,country,saved/country_Guatemala.pkl
Guinea,GIN,Sub-Saharan Africa,2029,0.3986871127778867,-0.3504737923797629,1.2550826859302595,fallback_region:Sub-Saharan Africa,saved/region_Sub-Saharan_Africa.pkl
Guinea-Bissau,GNB,Sub-Saharan Africa,2029,0.3986871127778867,-0.37148053417292726,1.2036247053102624,fallback_region:Sub-Saharan Africa,saved/region_Sub-Saharan_Africa.pkl
Guyana,GUY,Latin America and Caribbean,2029,-2.2012831806313793,-11.341084221142586,8.0461169518451,fallback_region:Latin America and Caribbean,saved/region_Latin_America_and_Caribbean.pkl
Haiti,HTI,Latin America and Caribbean,2029,-134.759939199209,-705.0774520386234,423.4901951440591,country,saved/country_Haiti.pkl
Honduras,HND,Latin America and Caribbean,2029,-2.2012831806313793,-11.839472182309823,7.908015621336066,fallback_region:Latin America and Caribbean,saved/region_Latin_America_and_Caribbean.pkl
Hungary,HUN,Europe and Central Asia,2029,3.786045117653153,-0.00017024939227103762,7.925837569033638,fallback_region:Europe and Central Asia,saved/region_Europe_and_Central_Asia.pkl
Iceland,ISL,Europe and Central Asia,2029,3.786045117653153,-0.7549589149001251,8.03065204533907,fallback_region:Europe and Central Asia,saved/region_Europe_and_Central_Asia.pkl
India,IND,South Asia,2029,-0.017904955189604985,-0.5137237573352345,0.4500788177647544,country,saved/country_India.pkl
Indonesia,IDN,East Asia and Pacific,2029,-4.521906525674851,-22.800152746005473,12.764068018753202,country,saved/country_Indonesia.pkl
Iran (Islamic Republic of),IRN,South Asia,2029,-3.0600920592821916,-11.74496501842641,6.281912031656598,country,saved/country_Iran_(Islamic_Republic_of).pkl
Iraq,IRQ,Middle East and North Africa,2029,4.62565648518448,-1.0179381454821863,10.1941865478526,fallback_region:Middle East and North Africa,saved/region_Middle_East_and_North_Africa.pkl
Ireland,IRL,Europe and Central Asia,2029,3.786045117653153,-0.15624159261465698,7.884645572281603,fallback_region:Europe and Central Asia,saved/region_Europe_and_Central_Asia.pkl
Israel,ISR,Middle East and North Africa,2029,4.62565648518448,-1.1450905576578547,10.179580009079348,fallback_region:Middle East and North Africa,saved/region_Middle_East_and_North_Africa.pkl
Italy,ITA,Europe and Central Asia,2029,33.80996497317019,23.071239597204958,44.95989361645348,country,saved/country_Italy.pkl
Jamaica,JAM,Latin America and Caribbean,2029,-2.2012831806313793,-11.611505089599847,7.842669404332794,fallback_region:Latin America and Caribbean,saved/region_Latin_America_and_Caribbean.pkl
Japan,JPN,East Asia and Pacific,2029,-0.683612951539553,-4.288228900729481,2.920691800417868,country,saved/country_Japan.pkl
Jordan,JOR,Middle East and North Africa,2029,4.62565648518448,-0.9241298335153927,10.458044288932774,fallback_region:Middle East and North Africa,saved/region_Middle_East_and_North_Africa.pkl
Kazakhstan,KAZ,Europe and Central Asia,2029,3.786045117653153,-0.6222651265402197,7.670016476998273,fallback_region:Europe and Central Asia,saved/region_Europe_and_Central_Asia.pkl
Kenya,KEN,Sub-Saharan Africa,2029,0.37640046405960226,0.0780714794028296,0.6794970636349593,country,saved/country_Kenya.pkl
Kiribati,KIR,East Asia and Pacific,2029,-0.5418624428686087,-3.9024367177346444,2.6886635359337534,fallback_region:East Asia and Pacific,saved/region_East_Asia_and_Pacific.pkl
Kuwait,KWT,Middle East and North Africa,2029,4.62565648518448,-1.4416568203234816,10.36256081740018,fallback_region:Middle East and North Africa,saved/region_Middle_East_and_North_Africa.pkl
Kyrgyzstan,KGZ,Europe and Central Asia,2029,3.786045117653153,-0.395552232998539,7.592078554436669,fallback_region:Europe and Central Asia,saved/region_Europe_and_Central_Asia.pkl
Lao People's Democratic Republic,LAO,East Asia and Pacific,2029,-0.5418624428686087,-3.9193323061255394,2.5035239902704545,fallback_region:East Asia and Pacific,saved/region_East_Asia_and_Pacific.pkl
Latvia,LVA,Europe and Central Asia,2029,3.786045117653153,-0.3161539707447961,7.76509095198209,fallback_region:Europe and Central Asia,saved/region_Europe_and_Central_Asia.pkl
Lebanon,LBN,Middle East and North Africa,2029,4.62565648518448,-0.7864514546029185,10.651293590828066,fallback_region:Middle East and North Africa,saved/region_Middle_East_and_North_Africa.pkl
Lesotho,LSO,Sub-Saharan Africa,2029,0.3986871127778867,-0.39602317664145814,1.1922368368750844,fallback_region:Sub-Saharan Africa,saved/region_Sub-Saharan_Africa.pkl
Liberia,LBR,Sub-Saharan Africa,2029,0.3986871127778867,-0.4120012959529331,1.1404526884375,fallback_region:Sub-Saharan Africa,saved/region_Sub-Saharan_Africa.pkl
Libya,LBY,Middle East and North Africa,2029,4.62565648518448,-0.9403364404498977,10.541357771403035,fallback_region:Middle East and North Africa,saved/region_Middle_East_and_North_Africa.pkl
Liechtenstein,LIE,Europe and Central Asia,2029,3.786045117653153,-0.5284521805608191,7.7976542857137074,fallback_region:Europe and Central Asia,saved/region_Europe_and_Central_Asia.pkl
Lithuania,LTU,Europe and Central Asia,2029,3.786045117653153,-0.265963512782603,8.055818677398785,fallback_region:Europe and Central Asia,saved/region_Europe_and_Central_Asia.pkl
Luxembourg,LUX,Europe and Central Asia,2029,3.786045117653153,-0.5410541820607057,8.0566445200568,fallback_region:Europe and Central Asia,saved/region_Europe_and_Central_Asia.pkl
Madagascar,MDG,Sub-Saharan Africa,2029,-0.10452888220422613,-1.0403848593849494,0.8594583597273923,country,saved/country_Madagascar.pkl
Malawi,MWI,Sub-Saharan Africa,2029,0.3986871127778867,-0.3534180775656096,1.174862102434617,fallback_region:Sub-Saharan Africa,saved/region_Sub-Saharan_Africa.pkl
Malaysia,MYS,East Asia and Pacific,2029,-0.5418624428686087,-3.892890966174954,2.517767749026462,fallback_region:East Asia and Pacific,saved/region_East_Asia_and_Pacific.pkl
Maldives,MDV,South Asia,2029,-0.5193450288684403,-1.8084089253554363,0.6847003553876057,fallback_region:South Asia,saved/region_South_Asia.pkl
Mali,MLI,Sub-Saharan Africa,2029,0.3986871127778867,-0.3856655633234223,1.2369451905622535,fallback_region:Sub-Saharan Africa,saved/region_Sub-Saharan_Africa.pkl
Malta,MLT,Europe and Central Asia,2029,3.786045117653153,-0.4346823885058083,7.96779652417369,fallback_region:Europe and Central Asia,saved/region_Europe_and_Central_Asia.pkl
Marshall Islands,MHL,East Asia and Pacific,2029,-0.5418624428686087,-3.669213469076937,2.4923690255596593,fallback_region:East Asia and Pacific,saved/region_East_Asia_and_Pacific.pkl
Mauritania,MRT,Sub-Saharan Africa,2029,0.3986871127778867,-0.4479765498953906,1.1599634804814796,fallback_region:Sub-Saharan Africa,saved/region_Sub-Saharan_Africa.pkl
Mauritius,MUS,Sub-Saharan Africa,2029,0.3986871127778867,-0.42559686153907544,1.1690583910394359,fallback_region:Sub-Saharan Africa,saved/region_Sub-Saharan_Africa.pkl
Mexico,MEX,Latin America and Caribbean,2029,0.08954167040374646,-0.024427253191681764,0.2024416579410393,country,saved/country_Mexico.pkl
Micronesia (Federated States of),FSM,East Asia and Pacific,2029,-0.5418624428686087,-3.651134036680951,2.4495656295186485,fallback_region:East Asia and Pacific,saved/region_East_Asia_and_Pacific.pkl
Mongolia,MNG,East Asia and Pacific,2029,-0.5418624428686087,-3.6248600348386106,2.518936812105687,fallback_region:East Asia and Pacific,saved/region_East_Asia_and_Pacific.pkl
Montenegro,MNE,Europe and Central Asia,2029,3.786045117653153,0.014928692109103494,7.732254081937178,fallback_region:Europe and Central Asia,saved/region_Europe_and_Central_Asia.pkl
Morocco,MAR,Middle East and North Africa,2029,4.62565648518448,-0.7932376286447816,10.806111474333365,fallback_region:Middle East and North Africa,saved/region_Middle_East_and_North_Africa.pkl
Mozambique,MOZ,Sub-Saharan Africa,2029,0.4767068686293815,-0.6491470261570352,1.54411447455944,country,saved/country_Mozambique.pkl
Myanmar,MMR,East Asia and Pacific,2029,-0.5418624428686087,-3.562426945689211,2.849513807943933,fallback_region:East Asia and Pacific,saved/region_East_Asia_and_Pacific.pkl
Namibia,NAM,Sub-Saharan Africa,2029,0.3986871127778867,-0.4160111991342607,1.1790914008509434,fallback_region:Sub-Saharan Africa,saved/region_Sub-Saharan_Africa.pkl
Nepal,NPL,South Asia,2029,3.17606335872386,-4.85937995998801,10.97119342451395,country,saved/country_Nepal.pkl
Netherlands (Kingdom of the),NLD,Europe and Central Asia,2029,3.786045117653153,-0.34279994143821696,7.734384749902498,fallback_region:Europe and Central Asia,saved/region_Europe_and_Central_Asia.pkl
New Caledonia,NCL,East Asia and Pacific,2029,-0.5418624428686087,-3.7346594431949223,2.5445179011618415,fallback_region:East Asia and Pacific,saved/region_East_Asia_and_Pacific.pkl
New Zealand,NZL,East Asia and Pacific,2029,-0.5418624428686087,-3.692235884562717,2.650042964102266,fallback_region:East Asia and Pacific,saved/region_East_Asia_and_Pacific.pkl
Nicaragua,NIC,Latin America and Caribbean,2029,-2.2012831806313793,-11.557081938708027,7.592103406899074,fallback_region:Latin America and Caribbean,saved/region_Latin_America_and_Caribbean.pkl
Niger,NER,Sub-Saharan Africa,2029,0.5905338799272788,-0.3043939902501454,1.4145918268571271,country,saved/country_Niger.pkl
Nigeria,NGA,Sub-Saharan Africa,2029,0.4987865957096637,-0.030452152854759176,1.0162548732984087,country,saved/country_Nigeria.pkl
North Macedonia,MKD,Europe and Central Asia,2029,3.786045117653153,-0.08212564026332007,7.929704337943723,fallback_region:Europe and Central Asia,saved/region_Europe_and_Central_Asia.pkl
Northern Mariana Islands,MNP,East Asia and Pacific,2029,-0.5418624428686087,-3.618744762771422,2.8356442303144793,fallback_region:East Asia and Pacific,saved/region_East_Asia_and_Pacific.pkl
Norway,NOR,Europe and Central Asia,2029,3.786045117653153,-0.26118025676508677,7.895726900761971,fallback_region:Europe and Central Asia,saved/region_Europe_and_Central_Asia.pkl
Oman,OMN,Middle East and North Africa,2029,4.62565648518448,-0.9953845618817956,10.475729662203362,fallback_region:Middle East and North Africa,saved/region_Middle_East_and_North_Africa.pkl
Pakistan,PAK,South Asia,2029,-1.8159214714461867,-12.66424334293654,8.089113929763785,country,saved/country_Pakistan.pkl
Palau,PLW,East Asia and Pacific,2029,-0.5418624428686087,-3.5488827687150373,2.63045511900952,fallback_region:East Asia and Pacific,saved/region_East_Asia_and_Pacific.pkl
Panama,PAN,Latin America and Caribbean,2029,-2.2012831806313793,-12.536620215397948,7.72327022975462,fallback_region:Latin America and Caribbean,saved/region_Latin_America_and_Caribbean.pkl
Papua New Guinea,PNG,East Asia and Pacific,2029,-0.5418624428686087,-3.4587673898228823,2.8296974280681626,fallback_region:East Asia and Pacific,saved/region_East_Asia_and_Pacific.pkl
Paraguay,PRY,Latin America and Caribbean,2029,-2.2012831806313793,-11.08516602443901,7.417317026685393,fallback_region:Latin America and Caribbean,saved/region_Latin_America_and_Caribbean.pkl
Peru,PER,Latin America and Caribbean,2029,0.05383435548188101,-0.7132199822739992,0.9264011422435625,country,saved/country_Peru.pkl
Philippines,PHL,East Asia and Pacific,2029,-0.6284321791173365,-2.4471743116594933,1.1413328080004332,country,saved/country_Philippines.pkl
Poland,POL,Europe and Central Asia,2029,6.303951207318949,5.552961473644246,7.060196397817909,country,saved/country_Poland.pkl
Portugal,PRT,Europe and Central Asia,2029,3.786045117653153,-0.3759159970736791,7.83797607836781,fallback_region:Europe and Central Asia,saved/region_Europe_and_Central_Asia.pkl
Puerto Rico,PRI,Latin America and Caribbean,2029,-2.2012831806313793,-11.48369991300338,7.910237780769039,fallback_region:Latin America and Caribbean,saved/region_Latin_America_and_Caribbean.pkl
Qatar,QAT,Middle East and North Africa,2029,4.62565648518448,-1.0615203506557032,10.63337590218853,fallback_region:Middle East and North Africa,saved/region_Middle_East_and_North_Africa.pkl
Republic of Korea,KOR,East Asia and Pacific,2029,-0.5418624428686087,-3.885403089366682,2.679768430577472,fallback_region:East Asia and Pacific,saved/region_East_Asia_and_Pacific.pkl
Republic of Moldova,MDA,Europe and Central Asia,2029,3.786045117653153,-0.6173503944705139,7.98512677068206,fallback_region:Europe and Central Asia,saved/region_Europe_and_Central_Asia.pkl
Romania,ROU,Europe and Central Asia,2029,40.5102566665644,37.156319396932155,44.16581026614089,country,saved/country_Romania.pkl
Russian Federation,RUS,Europe and Central Asia,2029,3.786045117653153,-0.6308047396410171,7.705912018222164,fallback_region:Europe and Central Asia,saved/region_Europe_and_Central_Asia.pkl
Rwanda,RWA,Sub-Saharan Africa,2029,0.3986871127778867,-0.4623736428835258,1.2327583197415013,fallback_region:Sub-Saharan Africa,saved/region_Sub-Saharan_Africa.pkl
Saint Kitts and Nevis,KNA,Latin America and Caribbean,2029,-2.2012831806313793,-11.994484662682773,7.847300798464512,fallback_region:Latin America and Caribbean,saved/region_Latin_America_and_Caribbean.pkl
Saint Lucia,LCA,Latin America and Caribbean,2029,-2.2012831806313793,-11.961211745875584,7.168997474983426,fallback_region:Latin America and Caribbean,saved/region_Latin_America_and_Caribbean.pkl
Saint Martin (French Part),MAF,Latin America and Caribbean,2029,-2.2012831806313793,-12.16738538075492,7.247647906833025,fallback_region:Latin America and Caribbean,saved/region_Latin_America_and_Caribbean.pkl
Saint Vincent and the Grenadines,VCT,Latin America and Caribbean,2029,-2.2012831806313793,-11.758449378279542,7.775712557102316,fallback_region:Latin America and Caribbean,saved/region_Latin_America_and_Caribbean.pkl
Samoa,WSM,East Asia and Pacific,2029,-0.5418624428686087,-3.841326582335151,2.500461639105618,fallback_region:East Asia and Pacific,saved/region_East_Asia_and_Pacific.pkl
Sao Tome and Principe,STP,Sub-Saharan Africa,2029,0.3986871127778867,-0.35671150239909105,1.1733681970947574,fallback_region:Sub-Saharan Africa,saved/region_Sub-Saharan_Africa.pkl
Saudi Arabia,SAU,Middle East and North Africa,2029,4.62565648518448,-1.1780068113293254,10.547404913591084,fallback_region:Middle East and North Africa,saved/region_Middle_East_and_North_Africa.pkl
Senegal,SEN,Sub-Saharan Africa,2029,0.3986871127778867,-0.3624981634421606,1.2027711848429,fallback_region:Sub-Saharan Africa,saved/region_Sub-Saharan_Africa.pkl
Serbia,SRB,Europe and Central Asia,2029,3.786045117653153,-0.4687042346168202,8.134031936602689,fallback_region:Europe and Central Asia,saved/region_Europe_and_Central_Asia.pkl
Seychelles,SYC,Sub-Saharan Africa,2029,0.3986871127778867,-0.365348429315184,1.1617093775349747,fallback_region:Sub-Saharan Africa,saved/region_Sub-Saharan_Africa.pkl
Sierra Leone,SLE,Sub-Saharan Africa,2029,0.3986871127778867,-0.4096778286083138,1.1280448813845685,fallback_region:Sub-Saharan Africa,saved/region_Sub-Saharan_Africa.pkl
Singapore,SGP,East Asia and Pacific,2029,-0.5418624428686087,-3.5731157126872892,2.6997643648177587,fallback_region:East Asia and Pacific,saved/region_East_Asia_and_Pacific.pkl
Sint Maarten (Dutch part),SXM,Latin America and Caribbean,2029,-2.2012831806313793,-12.464744577351388,8.00782333842463,fallback_region:Latin America and Caribbean,saved/region_Latin_America_and_Caribbean.pkl
Slovakia,SVK,Europe and Central Asia,2029,3.786045117653153,-0.5856226943912899,7.594129743863858,fallback_region:Europe and Central Asia,saved/region_Europe_and_Central_Asia.pkl
Slovenia,SVN,Europe and Central Asia,2029,3.786045117653153,-0.3880180384167827,7.864814796229764,fallback_region:Europe and Central Asia,saved/region_Europe_and_Central_Asia.pkl
Solomon Islands,SLB,East Asia and Pacific,2029,-0.5418624428686087,-3.633539750606561,2.4995476269113466,fallback_region:East Asia and Pacific,saved/region_East_Asia_and_Pacific.pkl
Somalia,SOM,Sub-Saharan Africa,2029,0.3986871127778867,-0.353721772910858,1.150446659932475,fallback_region:Sub-Saharan Africa,saved/region_Sub-Saharan_Africa.pkl
South Africa,ZAF,Sub-Saharan Africa,2029,0.33404482171629635,0.10729233782343958,0.5817607266825698,country,saved/country_South_Africa.pkl
South Sudan,SSD,Sub-Saharan Africa,2029,0.3986871127778867,-0.4580777268017707,1.2005633137516927,fallback_region:Sub-Saharan Africa,saved/region_Sub-Saharan_Africa.pkl
Spain,ESP,Europe and Central Asia,2029,3.786045117653153,-0.6500439518877307,7.547851201880156,fallback_region:Europe and Central Asia,saved/region_Europe_and_Central_Asia.pkl
Sri Lanka,LKA,South Asia,2029,-10.85201839950616,-53.62228580222773,31.473850338406987,country,saved/country_Sri_Lanka.pkl
State of Palestine,PSE,Middle East and North Africa,2029,4.62565648518448,-1.3354936114457836,9.657284432439157,fallback_region:Middle East and North Africa,saved/region_Middle_East_and_North_Africa.pkl
Sudan,SDN,Middle East and North Africa,2029,0.6571913199524523,-0.6518309464351987,1.943768787087411,country,saved/country_Sudan.pkl
Suriname,SUR,Latin America and Caribbean,2029,-2.2012831806313793,-11.857781274603793,7.726200959166847,fallback_region:Latin America and Caribbean,saved/region_Latin_America_and_Caribbean.pkl
Sweden,SWE,Europe and Central Asia,2029,3.786045117653153,-0.0633011697444386,8.133483577016223,fallback_region:Europe and Central Asia,saved/region_Europe_and_Central_Asia.pkl
Switzerland,CHE,Europe and Central Asia,2029,3.786045117653153,-0.5609297918626647,7.922386049308572,fallback_region:Europe and Central Asia,saved/region_Europe_and_Central_Asia.pkl
Syrian Arab Republic,SYR,Middle East and North Africa,2029,4.62565648518448,-1.1745129411214097,10.630070184258098,fallback_region:Middle East and North Africa,saved/region_Middle_East_and_North_Africa.pkl
Tajikistan,TJK,Europe and Central Asia,2029,3.786045117653153,-0.4934036696505886,8.113404313508486,fallback_region:Europe and Central Asia,saved/region_Europe_and_Central_Asia.pkl
Thailand,THA,East Asia and Pacific,2029,-0.7938554145724238,-3.8455813652350743,2.2847707995330238,country,saved/country_Thailand.pkl
Timor-Leste,TLS,East Asia and Pacific,2029,-0.5418624428686087,-3.6343437961904375,2.834797872439458,fallback_region:East Asia and Pacific,saved/region_East_Asia_and_Pacific.pkl
Togo,TGO,Sub-Saharan Africa,2029,0.3986871127778867,-0.38723611303805083,1.1912157389791096,fallback_region:Sub-Saharan Africa,saved/region_Sub-Saharan_Africa.pkl
Tonga,TON,East Asia and Pacific,2029,-0.5418624428686087,-3.8036734224817397,2.6293685391252812,fallback_region:East Asia and Pacific,saved/region_East_Asia_and_Pacific.pkl
Trinidad and Tobago,TTO,Latin America and Caribbean,2029,-2.2012831806313793,-11.809040199667148,7.460878909667798,fallback_region:Latin America and Caribbean,saved/region_Latin_America_and_Caribbean.pkl
Tunisia,TUN,Middle East and North Africa,2029,4.62565648518448,-0.6959913725562207,10.302512448259185,fallback_region:Middle East and North Africa,saved/region_Middle_East_and_North_Africa.pkl
Turkmenistan,TKM,Europe and Central Asia,2029,3.786045117653153,-0.2909233079058982,8.028083646516324,fallback_region:Europe and Central Asia,saved/region_Europe_and_Central_Asia.pkl
Turks and Caicos Islands,TCA,Latin America and Caribbean,2029,-2.2012831806313793,-11.731149244528464,7.369568015512431,fallback_region:Latin America and Caribbean,saved/region_Latin_America_and_Caribbean.pkl
Tuvalu,TUV,East Asia and Pacific,2029,-0.5418624428686087,-3.7336896746740433,2.5530920997389135,fallback_region:East Asia and Pacific,saved/region_East_Asia_and_Pacific.pkl
Türkiye,TUR,Middle East and North Africa,2029,4.62565648518448,-1.3188395883229982,10.576402722701472,fallback_region:Middle East and North Africa,saved/region_Middle_East_and_North_Africa.pkl
Uganda,UGA,Sub-Saharan Africa,2029,0.970068145102544,-0.39022096695534936,2.4434320110244228,country,saved/country_Uganda.pkl
Ukraine,UKR,Europe and Central Asia,2029,3.786045117653153,-0.09116606559717068,8.014151354589169,fallback_region:Europe and Central Asia,saved/region_Europe_and_Central_Asia.pkl
United Arab Emirates,ARE,Middle East and North Africa,2029,4.62565648518448,-0.9672110160773215,10.382849424632601,fallback_region:Middle East and North Africa,saved/region_Middle_East_and_North_Africa.pkl
United Kingdom of Great Britain and Northern Ireland,GBR,Europe and Central Asia,2029,3.786045117653153,-0.8241297696543899,7.85150029856239,fallback_region:Europe and Central Asia,saved/region_Europe_and_Central_Asia.pkl
United Republic of Tanzania,TZA,Sub-Saharan Africa,2029,0.3986871127778867,-0.3862414182471297,1.1866250073718507,fallback_region:Sub-Saharan Africa,saved/region_Sub-Saharan_Africa.pkl
United States Virgin Islands,VIR,Latin America and Caribbean,2029,-2.2012831806313793,-12.181362658285037,7.914288348654966,fallback_region:Latin America and Caribbean,saved/region_Latin_America_and_Caribbean.pkl
United States of America,USA,North America,2029,0.17077931256091572,-0.0006634681541208061,0.35511318329231345,country,saved/country_United_States_of_America.pkl
Uruguay,URY,Latin America and Caribbean,2029,-2.2012831806313793,-11.929267758995092,7.064700417176276,fallback_region:Latin America and Caribbean,saved/region_Latin_America_and_Caribbean.pkl
Uzbekistan,UZB,Europe and Central Asia,2029,3.786045117653153,-0.35386384406032223,8.111693534004395,fallback_region:Europe and Central Asia,saved/region_Europe_and_Central_Asia.pkl
Vanuatu,VUT,East Asia and Pacific,2029,-0.5418624428686087,-3.881120635973647,2.6137763863516574,fallback_region:East Asia and Pacific,saved/region_East_Asia_and_Pacific.pkl
Venezuela (Bolivarian Republic of),VEN,Latin America and Caribbean,2029,-2.2012831806313793,-11.702611362699658,7.593861053857859,fallback_region:Latin America and Caribbean,saved/region_Latin_America_and_Caribbean.pkl
Viet Nam,VNM,East Asia and Pacific,2029,0.041111460950900285,-0.1699426423793195,0.2523249739351339,country,saved/country_Viet_Nam.pkl
Yemen,YEM,Middle East and North Africa,2029,4.62565648518448,-1.1142422399507894,9.985391296362785,fallback_region:Middle East and North Africa,saved/region_Middle_East_and_North_Africa.pkl
Zambia,ZMB,Sub-Saharan Africa,2029,0.3986871127778867,-0.3974511822951823,1.2289615491636652,fallback_region:Sub-Saharan Africa,saved/region_Sub-Saharan_Africa.pkl
Zimbabwe,ZWE,Sub-Saharan Africa,2029,0.3986871127778867,-0.38067158697757353,1.128635775148366,fallback_region:Sub-Saharan Africa,saved/region_Sub-Saharan_Africa.pkl
Afghanistan,AFG,South Asia,2030,2.8962753895458015,-1.7743437438004113,7.066225579682634,country,saved/country_Afghanistan.pkl
Albania,ALB,Europe and Central Asia,2030,3.8981387151230655,-0.23556138541420066,8.064656740653716,fallback_region:Europe and Central Asia,saved/region_Europe_and_Central_Asia.pkl
Algeria,DZA,Middle East and North Africa,2030,4.824264848925589,-0.8247138945461935,10.210094740629781,fallback_region:Middle East and North Africa,saved/region_Middle_East_and_North_Africa.pkl
American Samoa,ASM,East Asia and Pacific,2030,-0.6322499140846652,-4.114328586870452,2.544067805361634,fallback_region:East Asia and Pacific,saved/region_East_Asia_and_Pacific.pkl
Angola,AGO,Sub-Saharan Africa,2030,0.37721454240512153,-0.3712089908756411,1.1537774961244252,fallback_region:Sub-Saharan Africa,saved/region_Sub-Saharan_Africa.pkl
Antigua and Barbuda,ATG,Latin America and Caribbean,2030,-2.5303519598057673,-12.492823395038906,7.101274453277999,fallback_region:Latin America and Caribbean,saved/region_Latin_America_and_Caribbean.pkl
Argentina,ARG,Latin America and Caribbean,2030,-2.5303519598057673,-12.563197999837238,6.725366290280198,fallback_region:Latin America and Caribbean,saved/region_Latin_America_and_Caribbean.pkl
Armenia,ARM,Middle East and North Africa,2030,4.824264848925589,-0.9181673220041313,10.494249925632436,fallback_region:Middle East and North Africa,saved/region_Middle_East_and_North_Africa.pkl
Australia,AUS,East Asia and Pacific,2030,-0.1236688306892894,-0.7147706130468429,0.48568805773161716,country,saved/country_Australia.pkl
Austria,AUT,Europe and Central Asia,2030,3.8981387151230655,-0.2042011269913116,8.186233115917911,fallback_region:Europe and Central Asia,saved/region_Europe_and_Central_Asia.pkl
Azerbaijan,AZE,Middle East and North Africa,2030,4.824264848925589,-0.736898324751408,10.274010043234018,fallback_region:Middle East and North Africa,saved/region_Middle_East_and_North_Africa.pkl
Bahamas,BHS,Latin America and Caribbean,2030,-2.5303519598057673,-11.861873053308328,7.741564026476285,fallback_region:Latin America and Caribbean,saved/region_Latin_America_and_Caribbean.pkl
Bangladesh,BGD,South Asia,2030,-0.1572008727932169,-1.0579679510667488,0.8615979003037455,country,saved/country_Bangladesh.pkl
Barbados,BRB,Latin America and Caribbean,2030,-2.5303519598057673,-12.317875967091403,6.677669170450686,fallback_region:Latin America and Caribbean,saved/region_Latin_America_and_Caribbean.pkl
Belarus,BLR,Europe and Central Asia,2030,3.8981387151230655,-0.12360299028168742,8.091139799745699,fallback_region:Europe and Central Asia,saved/region_Europe_and_Central_Asia.pkl
Belgium,BEL,Europe and Central Asia,2030,3.8981387151230655,-0.387309573086757,7.608908824474192,fallback_region:Europe and Central Asia,saved/region_Europe_and_Central_Asia.pkl
Belize,BLZ,Latin America and Caribbean,2030,-2.5303519598057673,-11.815973431315234,7.8780430689570675,fallback_region:Latin America and Caribbean,saved/region_Latin_America_and_Caribbean.pkl
Benin,BEN,Sub-Saharan Africa,2030,0.37721454240512153,-0.3437742756525163,1.1918548929396144,fallback_region:Sub-Saharan Africa,saved/region_Sub-Saharan_Africa.pkl
Bermuda,BMU,North America,2030,0.255351001017908,0.08555498416724387,0.41746902383059364,fallback_region:North America,saved/region_North_America.pkl
Bhutan,BTN,South Asia,2030,-0.5914678845420965,-1.790620972204975,0.6836431909156238,fallback_region:South Asia,saved/region_South_Asia.pkl
Bolivia (Plurinational State of),BOL,Latin America and Caribbean,2030,-2.5303519598057673,-12.228442637701537,7.359412118629567,fallback_region:Latin America and Caribbean,saved/region_Latin_America_and_Caribbean.pkl
Bosnia and Herzegovina,BIH,Europe and Central Asia,2030,3.8981387151230655,-0.05130986864296379,7.986626502201685,fallback_region:Europe and Central Asia,saved/region_Europe_and_Central_Asia.pkl
Botswana,BWA,Sub-Saharan Africa,2030,0.37721454240512153,-0.4002458788922064,1.1429760531920399,fallback_region:Sub-Saharan Africa,saved/region_Sub-Saharan_Africa.pkl
Brazil,BRA,Latin America and Caribbean,2030,0.10977495374523102,-0.022627051157098465,0.24574177868199854,country,saved/country_Brazil.pkl
British Virgin Islands,VGB,Latin America and Caribbean,2030,-2.5303519598057673,-11.806516980742286,7.399836687256524,fallback_region:Latin America and Caribbean,saved/region_Latin_America_and_Caribbean.pkl
Bulgaria,BGR,Europe and Central Asia,2030,3.8981387151230655,-0.3891108049881898,7.95465886434405,fallback_region:Europe and Central Asia,saved/region_Europe_and_Central_Asia.pkl
Burkina Faso,BFA,Sub-Saharan Africa,2030,0.37721454240512153,-0.3182597693731139,1.1984656875085495,fallback_region:Sub-Saharan Africa,saved/region_Sub-Saharan_Africa.pkl
Burundi,BDI,Sub-Saharan Africa,2030,0.37721454240512153,-0.4289816476498768,1.1814596134675082,fallback_region:Sub-Saharan Africa,saved/region_Sub-Saharan_Africa.pkl
Cabo Verde,CPV,Sub-Saharan Africa,2030,0.37721454240512153,-0.38656057614449596,1.172832743711301,fallback_region:Sub-Saharan Africa,saved/region_Sub-Saharan_Africa.pkl
Cambodia,KHM,East Asia and Pacific,2030,-0.6322499140846652,-3.8390315130601964,2.9476628171776413,fallback_region:East Asia and Pacific,saved/region_East_Asia_and_Pacific.pkl
Cameroon,CMR,Sub-Saharan Africa,2030,0.37721454240512153,-0.43669517736878494,1.165164202710236,fallback_region:Sub-Saharan Africa,saved/region_Sub-Saharan_Africa.pkl
Canada,CAN,North America,2030,0.255351001017908,0.0893318267691375,0.41913993351606316,fallback_region:North America,saved/region_North_America.pkl
Cayman Islands,CYM,Latin America and Caribbean,2030,-2.5303519598057673,-13.111390460504941,7.029882625581316,fallback_region:Latin America and Caribbean,saved/region_Latin_America_and_Caribbean.pkl
Central African Republic,CAF,Sub-Saharan Africa,2030,0.37721454240512153,-0.37168943282773165,1.159687626914771,fallback_region:Sub-Saharan Africa,saved/region_Sub-Saharan_Africa.pkl
Chad,TCD,Sub-Saharan Africa,2030,0.37721454240512153,-0.44798000642521835,1.1172503103803937,fallback_region:Sub-Saharan Africa,saved/region_Sub-Saharan_Africa.pkl
Chile,CHL,Latin America and Caribbean,2030,-2.5303519598057673,-12.102822536944544,8.068390530799558,fallback_region:Latin America and Caribbean,saved/region_Latin_America_and_Caribbean.pkl
China,CHN,East Asia and Pacific,2030,-0.48591646196283783,-2.1469505570688256,1.0265154341565497,country,saved/country_China.pkl
"China, Hong Kong Special Administrative Region",HKG,East Asia and Pacific,2030,-0.6322499140846652,-3.7525997903186887,2.5916373057692126,fallback_region:East Asia and Pacific,saved/region_East_Asia_and_Pacific.pkl
"China, Macao Special Administrative Region",MAC,East Asia and Pacific,2030,-0.6322499140846652,-3.757722673343664,2.714028910337062,fallback_region:East Asia and Pacific,saved/region_East_Asia_and_Pacific.pkl
Colombia,COL,Latin America and Caribbean,2030,0.15975899358462647,-0.19000700491934358,0.5275879505403146,country,saved/country_Colombia.pkl
Comoros,COM,Sub-Saharan Africa,2030,0.37721454240512153,-0.4171001765350768,1.1372982259479805,fallback_region:Sub-Saharan Africa,saved/region_Sub-Saharan_Africa.pkl
Congo,COG,Sub-Saharan Africa,2030,0.37721454240512153,-0.4241213029759733,1.169436791322663,fallback_region:Sub-Saharan Africa,saved/region_Sub-Saharan_Africa.pkl
Costa Rica,CRI,Latin America and Caribbean,2030,-2.5303519598057673,-12.031046093988996,7.33232507693224,fallback_region:Latin America and Caribbean,saved/region_Latin_America_and_Caribbean.pkl
Croatia,HRV,Europe and Central Asia,2030,3.8981387151230655,-0.2140010708130144,7.910338533835397,fallback_region:Europe and Central Asia,saved/region_Europe_and_Central_Asia.pkl
Cuba,CUB,Latin America and Caribbean,2030,-2.5303519598057673,-12.376355002561178,7.079409337775838,fallback_region:Latin America and Caribbean,saved/region_Latin_America_and_Caribbean.pkl
Cyprus,CYP,Middle East and North Africa,2030,4.824264848925589,-0.9835605602806142,10.022042639576972,fallback_region:Middle East and North Africa,saved/region_Middle_East_and_North_Africa.pkl
Czechia,CZE,Europe and Central Asia,2030,3.8981387151230655,-0.07628401832064122,8.202925590757859,fallback_region:Europe and Central Asia,saved/region_Europe_and_Central_Asia.pkl
Côte d’Ivoire,CIV,Sub-Saharan Africa,2030,0.37721454240512153,-0.3544502008287417,1.1217180090645342,fallback_region:Sub-Saharan Africa,saved/region_Sub-Saharan_Africa.pkl
Democratic People's Republic of Korea,PRK,East Asia and Pacific,2030,-0.6322499140846652,-3.6995855021180626,2.612623188884273,fallback_region:East Asia and Pacific,saved/region_East_Asia_and_Pacific.pkl
Democratic Republic of the Congo,COD,Sub-Saharan Africa,2030,0.8450314096025492,-0.8206133396585233,2.550717552228942,country,saved/country_Democratic_Republic_of_the_Congo.pkl
Denmark,DNK,Europe and Central Asia,2030,3.8981387151230655,-0.5755689540725685,8.189473239316461,fallback_region:Europe and Central Asia,saved/region_Europe_and_Central_Asia.pkl
Djibouti,DJI,Sub-Saharan Africa,2030,0.37721454240512153,-0.44873628745139493,1.2161884752220444,fallback_region:Sub-Saharan Africa,saved/region_Sub-Saharan_Africa.pkl
Dominica,DMA,Latin America and Caribbean,2030,-2.5303519598057673,-12.034318814678857,7.046236105347303,fallback_region:Latin America and Caribbean,saved/region_Latin_America_and_Caribbean.pkl
Dominican Republic,DOM,Latin America and Caribbean,2030,-2.5303519598057673,-12.316424694895877,7.3101585535927915,fallback_region:Latin America and Caribbean,saved/region_Latin_America_and_Caribbean.pkl
Ecuador,ECU,Latin America and Caribbean,2030,-2.5303519598057673,-11.18096988369392,7.30678023380215,fallback_region:Latin America and Caribbean,saved/region_Latin_America_and_Caribbean.pkl
Egypt,EGY,Middle East and North Africa,2030,4.824264848925589,-0.883293920799041,10.302165775816455,fallback_region:Middle East and North Africa,saved/region_Middle_East_and_North_Africa.pkl
El Salvador,SLV,Latin America and Caribbean,2030,-2.5303519598057673,-12.16458509929134,7.3873589326218125,fallback_region:Latin America and Caribbean,saved/region_Latin_America_and_Caribbean.pkl
Equatorial Guinea,GNQ,Sub-Saharan Africa,2030,0.37721454240512153,-0.42450660130290374,1.0997689473474082,fallback_region:Sub-Saharan Africa,saved/region_Sub-Saharan_Africa.pkl
Eritrea,ERI,Sub-Saharan Africa,2030,0.37721454240512153,-0.4343677548991458,1.1851733738585422,fallback_region:Sub-Saharan Africa,saved/region_Sub-Saharan_Africa.pkl
Estonia,EST,Europe and Central Asia,2030,3.8981387151230655,-0.297469166044831,7.935885832357373,fallback_region:Europe and Central Asia,saved/region_Europe_and_Central_Asia.pkl
Eswatini,SWZ,Sub-Saharan Africa,2030,0.37721454240512153,-0.39063186239440123,1.1418931694556105,fallback_region:Sub-Saharan Africa,saved/region_Sub-Saharan_Africa.pkl
Ethiopia,ETH,Sub-Saharan Africa,2030,0.37721454240512153,-0.44274327706276717,1.1352613712914181,fallback_region:Sub-Saharan Africa,saved/region_Sub-Saharan_Africa.pkl
Fiji,FJI,East Asia and Pacific,2030,-0.6322499140846652,-3.7609420856202713,2.84776429411119,fallback_region:East Asia and Pacific,saved/region_East_Asia_and_Pacific.pkl
Finland,FIN,Europe and Central Asia,2030,3.8981387151230655,-0.2518656442722146,8.189903530426824,fallback_region:Europe and Central Asia,saved/region_Europe_and_Central_Asia.pkl
France,FRA,Europe and Central Asia,2030,1.1524631201079512,-6.471955847955437,8.725497064344012,country,saved/country_France.pkl
French Polynesia,PYF,East Asia and Pacific,2030,-0.6322499140846652,-3.9865994814655763,2.523436255257558,fallback_region:East Asia and Pacific,saved/region_East_Asia_and_Pacific.pkl
Gabon,GAB,Sub-Saharan Africa,2030,0.37721454240512153,-0.4561026038159663,1.1866731209458312,fallback_region:Sub-Saharan Africa,saved/region_Sub-Saharan_Africa.pkl
Gambia,GMB,Sub-Saharan Africa,2030,0.37721454240512153,-0.4430722185691995,1.1927503108368391,fallback_region:Sub-Saharan Africa,saved/region_Sub-Saharan_Africa.pkl
Georgia,GEO,Middle East and North Africa,2030,4.824264848925589,-0.6540403100765211,10.479913625106514,fallback_region:Middle East and North Africa,saved/region_Middle_East_and_North_Africa.pkl
Germany,DEU,Europe and Central Asia,2030,3.8981387151230655,-0.011555121823463497,8.149366571953902,fallback_region:Europe and Central Asia,saved/region_Europe_and_Central_Asia.pkl
Ghana,GHA,Sub-Saharan Africa,2030,0.37721454240512153,-0.4326978376513519,1.1159268061690568,fallback_region:Sub-Saharan Africa,saved/region_Sub-Saharan_Africa.pkl
Greece,GRC,Europe and Central Asia,2030,3.8981387151230655,-0.16794862982634293,8.144814832459696,fallback_region:Europe and Central Asia,saved/region_Europe_and_Central_Asia.pkl
Grenada,GRD,Latin America and Caribbean,2030,-2.5303519598057673,-12.270097482046271,7.41943924662272,fallback_region:Latin America and Caribbean,saved/region_Latin_America_and_Caribbean.pkl
Guam,GUM,East Asia and Pacific,2030,-0.6322499140846652,-3.7463050259465147,2.6707925858072863,fallback_region:East Asia and Pacific,saved/region_East_Asia_and_Pacific.pkl
Guatemala,GTM,Latin America and Caribbean,2030,0.15528226957474178,-2.760744518693633,3.2835572823964436,country,saved/country_Guatemala.pkl
Guinea,GIN,Sub-Saharan Africa,2030,0.37721454240512153,-0.39694110833993435,1.1686093427462798,fallback_region:Sub-Saharan Africa,saved/region_Sub-Saharan_Africa.pkl
Guinea-Bissau,GNB,Sub-Saharan Africa,2030,0.37721454240512153,-0.3924491468667373,1.1259546929106083,fallback_region:Sub-Saharan Africa,saved/region_Sub-Saharan_Africa.pkl
Guyana,GUY,Latin America and Caribbean,2030,-2.5303519598057673,-11.962654011624686,7.113835988642642,fallback_region:Latin America and Caribbean,saved/region_Latin_America_and_Caribbean.pkl
Haiti,HTI,Latin America and Caribbean,2030,-153.51236124326155,-686.0240380808935,388.06217502527954,country,saved/country_Haiti.pkl
Honduras,HND,Latin America and Caribbean,2030,-2.5303519598057673,-12.666909051094624,7.6937468978946235,fallback_region:Latin America and Caribbean,saved/region_Latin_America_and_Caribbean.pkl
Hungary,HUN,Europe and Central Asia,2030,3.8981387151230655,-0.72189428340617,8.11828823456295,fallback_region:Europe and Central Asia,saved/region_Europe_and_Central_Asia.pkl
Iceland,ISL,Europe and Central Asia,2030,3.8981387151230655,-0.22135393895105485,8.07637218797277,fallback_region:Europe and Central Asia,saved/region_Europe_and_Central_Asia.pkl
India,IND,South Asia,2030,-0.03263188973120249,-0.5323261182147759,0.4144572055969696,country,saved/country_India.pkl
Indonesia,IDN,East Asia and Pacific,2030,-4.98200740508853,-23.262914671606765,12.23847524051841,country,saved/country_Indonesia.pkl
Iran (Islamic Republic of),IRN,South Asia,2030,-3.341413767545127,-12.333902557638368,5.954608995429115,country,saved/country_Iran_(Islamic_Republic_of).pkl
Iraq,IRQ,Middle East and North Africa,2030,4.824264848925589,-1.1241026266653735,10.427785409800261,fallback_region:Middle East and North Africa,saved/region_Middle_East_and_North_Africa.pkl
Ireland,IRL,Europe and Central Asia,2030,3.8981387151230655,-0.5328681091255523,8.119606038615208,fallback_region:Europe and Central Asia,saved/region_Europe_and_Central_Asia.pkl
Israel,ISR,Middle East and North Africa,2030,4.824264848925589,-0.7381004271889086,10.754847956355649,fallback_region:Middle East and North Africa,saved/region_Middle_East_and_North_Africa.pkl
Italy,ITA,Europe and Central Asia,2030,36.54028910464408,24.871218492502575,47.49314215655594,country,saved/country_Italy.pkl
Jamaica,JAM,Latin America and Caribbean,2030,-2.5303519598057673,-12.441651013339902,7.492346597180665,fallback_region:Latin America and Caribbean,saved/region_Latin_America_and_Caribbean.pkl
Japan,JPN,East Asia and Pacific,2030,-0.8108097835819164,-4.74298120566254,2.943089628483352,country,saved/country_Japan.pkl
Jordan,JOR,Middle East and North Africa,2030,4.824264848925589,-1.2872976206772266,10.929664779633171,fallback_region:Middle East and North Africa,saved/region_Middle_East_and_North_Africa.pkl
Kazakhstan,KAZ,Europe and Central Asia,2030,3.8981387151230655,-0.07164639752009853,7.610033783769287,fallback_region:Europe and Central Asia,saved/region_Europe_and_Central_Asia.pkl
Kenya,KEN,Sub-Saharan Africa,2030,0.3791666032776579,0.08173422573194795,0.6698573648052975,country,saved/country_Kenya.pkl
Kiribati,KIR,East Asia and Pacific,2030,-0.6322499140846652,-3.929596531529981,2.70653651462285,fallback_region:East Asia and Pacific,saved/region_East_Asia_and_Pacific.pkl
Kuwait,KWT,Middle East and North Africa,2030,4.824264848925589,-0.9148306939997228,10.187693490892274,fallback_region:Middle East and North Africa,saved/region_Middle_East_and_North_Africa.pkl
Kyrgyzstan,KGZ,Europe and Central Asia,2030,3.8981387151230655,-0.28415369151382075,8.082906412448631,fallback_region:Europe and Central Asia,saved/region_Europe_and_Central_Asia.pkl
Lao People's Democratic Republic,LAO,East Asia and Pacific,2030,-0.6322499140846652,-3.7718857823352585,2.7038967486368626,fallback_region:East Asia and Pacific,saved/region_East_Asia_and_Pacific.pkl
Latvia,LVA,Europe and Central Asia,2030,3.8981387151230655,-0.2397687694619299,8.24288446772589,fallback_region:Europe and Central Asia,saved/region_Europe_and_Central_Asia.pkl
Lebanon,LBN,Middle East and North Africa,2030,4.824264848925589,-1.0226434108296993,10.732333704448271,fallback_region:Middle East and North Africa,saved/region_Middle_East_and_North_Africa.pkl
Lesotho,LSO,Sub-Saharan Africa,2030,0.37721454240512153,-0.3953935841703272,1.2038699645412978,fallback_region:Sub-Saharan Africa,saved/region_Sub-Saharan_Africa.pkl
Liberia,LBR,Sub-Saharan Africa,2030,0.37721454240512153,-0.4048696287782161,1.168404713947658,fallback_region:Sub-Saharan Africa,saved/region_Sub-Saharan_Africa.pkl
Libya,LBY,Middle East and North Africa,2030,4.824264848925589,-0.868152697090928,10.649062685583456,fallback_region:Middle East and North Africa,saved/region_Middle_East_and_North_Africa.pkl
Liechtenstein,LIE,Europe and Central Asia,2030,3.8981387151230655,-0.16020370840846423,8.114979788963796,fallback_region:Europe and Central Asia,saved/region_Europe_and_Central_Asia.pkl
Lithuania,LTU,Europe and Central Asia,2030,3.8981387151230655,-0.778255095552168,8.201619523440954,fallback_region:Europe and Central Asia,saved/region_Europe_and_Central_Asia.pkl
Luxembourg,LUX,Europe and Central Asia,2030,3.8981387151230655,-0.36744415689974264,8.17570532131935,fallback_region:Europe and Central Asia,saved/region_Europe_and_Central_Asia.pkl
Madagascar,MDG,Sub-Saharan Africa,2030,-0.141618340019051,-1.0432265693231262,0.7658569937279232,country,saved/country_Madagascar.pkl
Malawi,MWI,Sub-Saharan Africa,2030,0.37721454240512153,-0.3796393377285767,1.1060459938918779,fallback_region:Sub-Saharan Africa,saved/region_Sub-Saharan_Africa.pkl
Malaysia,MYS,East Asia and Pacific,2030,-0.6322499140846652,-3.779978776392637,2.547710638158354,fallback_region:East Asia and Pacific,saved/region_East_Asia_and_Pacific.pkl
Maldives,MDV,South Asia,2030,-0.5914678845420965,-1.9568303000661618,0.679381171200239,fallback_region:South Asia,saved/region_South_Asia.pkl
Mali,MLI,Sub-Saharan Africa,2030,0.37721454240512153,-0.4284186244096473,1.1580695136961519,fallback_region:Sub-Saharan Africa,saved/region_Sub-Saharan_Africa.pkl
Malta,MLT,Europe and Central Asia,2030,3.8981387151230655,-0.03412287063673345,8.345387809858838,fallback_region:Europe and Central Asia,saved/region_Europe_and_Central_Asia.pkl
Marshall Islands,MHL,East Asia and Pacific,2030,-0.6322499140846652,-3.7989753362737204,2.5593052802917398,fallback_region:East Asia and Pacific,saved/region_East_Asia_and_Pacific.pkl
Mauritania,MRT,Sub-Saharan Africa,2030,0.37721454240512153,-0.4433192623734169,1.1993239642522358,fallback_region:Sub-Saharan Africa,saved/region_Sub-Saharan_Africa.pkl
Mauritius,MUS,Sub-Saharan Africa,2030,0.37721454240512153,-0.36176532746981965,1.1098018504165568,fallback_region:Sub-Saharan Africa,saved/region_Sub-Saharan_Africa.pkl
Mexico,MEX,Latin America and Caribbean,2030,0.08971271441244978,-0.0167126419022427,0.20402902570233034,country,saved/country_Mexico.pkl
Micronesia (Federated States of),FSM,East Asia and Pacific,2030,-0.6322499140846652,-3.9139670511618276,2.7157151866368534,fallback_region:East Asia and Pacific,saved/region_East_Asia_and_Pacific.pkl
Mongolia,MNG,East Asia and Pacific,2030,-0.6322499140846652,-3.80711268547057,2.4901110559712296,fallback_region:East Asia and Pacific,saved/region_East_Asia_and_Pacific.pkl
Montenegro,MNE,Europe and Central Asia,2030,3.8981387151230655,-0.36912210411116614,7.940232185362169,fallback_region:Europe and Central Asia,saved/region_Europe_and_Central_Asia.pkl
Morocco,MAR,Middle East and North Africa,2030,4.824264848925589,-1.11671885885669,10.655131845346236,fallback_region:Middle East and North Africa,saved/region_Middle_East_and_North_Africa.pkl
Mozambique,MOZ,Sub-Saharan Africa,2030,0.47567216898850084,-0.5800099535799518,1.6476483556237502,country,saved/country_Mozambique.pkl
Myanmar,MMR,East Asia and Pacific,2030,-0.6322499140846652,-3.971632966340753,2.5274312241763113,fallback_region:East Asia and Pacific,saved/region_East_Asia_and_Pacific.pkl
Namibia,NAM,Sub-Saharan Africa,2030,0.37721454240512153,-0.45216833741439205,1.1933299680461247,fallback_region:Sub-Saharan Africa,saved/region_Sub-Saharan_Africa.pkl
Nepal,NPL,South Asia,2030,3.2341449229283654,-4.67014097956546,11.539006083158695,country,saved/country_Nepal.pkl
Netherlands (Kingdom of the),NLD,Europe and Central Asia,2030,3.8981387151230655,-0.3672751837779306,7.844009077970245,fallback_region:Europe and Central Asia,saved/region_Europe_and_Central_Asia.pkl
New Caledonia,NCL,East Asia and Pacific,2030,-0.6322499140846652,-3.8978136700107213,2.578838925796576,fallback_region:East Asia and Pacific,saved/region_East_Asia_and_Pacific.pkl
New Zealand,NZL,East Asia and Pacific,2030,-0.6322499140846652,-3.7858759992837614,2.5397828754932523,fallback_region:East Asia and Pacific,saved/region_East_Asia_and_Pacific.pkl
Nicaragua,NIC,Latin America and Caribbean,2030,-2.5303519598057673,-12.1807175259101,6.950592309267767,fallback_region:Latin America and Caribbean,saved/region_Latin_America_and_Caribbean.pkl
Niger,NER,Sub-Saharan Africa,2030,0.5880826465904905,-0.3220241839103044,1.480471564287576,country,saved/country_Niger.pkl
Nigeria,NGA,Sub-Saharan Africa,2030,0.506352248712687,0.02985287004714596,0.9871354980133052,country,saved/country_Nigeria.pkl
North Macedonia,MKD,Europe and Central Asia,2030,3.8981387151230655,-0.23928423827127093,7.784072214600511,fallback_region:Europe and Central Asia,saved/region_Europe_and_Central_Asia.pkl
Northern Mariana Islands,MNP,East Asia and Pacific,2030,-0.6322499140846652,-3.8249747376601992,2.8332853710793904,fallback_region:East Asia and Pacific,saved/region_East_Asia_and_Pacific.pkl
Norway,NOR,Europe and Central Asia,2030,3.8981387151230655,-0.15602628451944495,7.995679475625425,fallback_region:Europe and Central Asia,saved/region_Europe_and_Central_Asia.pkl
Oman,OMN,Middle East and North Africa,2030,4.824264848925589,-1.0389575988844715,10.677820855633286,fallback_region:Middle East and North Africa,saved/region_Middle_East_and_North_Africa.pkl
Pakistan,PAK,South Asia,2030,-2.0377734095480546,-12.52227449154999,8.07650551311499,country,saved/country_Pakistan.pkl
Palau,PLW,East Asia and Pacific,2030,-0.6322499140846652,-3.967780642290979,2.430399688619493,fallback_region:East Asia and Pacific,saved/region_East_Asia_and_Pacific.pkl
Panama,PAN,Latin America and Caribbean,2030,-2.5303519598057673,-12.13387317749521,7.397288157974624,fallback_region:Latin America and Caribbean,saved/region_Latin_America_and_Caribbean.pkl
Papua New Guinea,PNG,East Asia and Pacific,2030,-0.6322499140846652,-3.734706857709391,2.478707949510277,fallback_region:East Asia and Pacific,saved/region_East_Asia_and_Pacific.pkl
Paraguay,PRY,Latin America and Caribbean,2030,-2.5303519598057673,-12.436251527061664,7.608142645875422,fallback_region:Latin America and Caribbean,saved/region_Latin_America_and_Caribbean.pkl
Peru,PER,Latin America and Caribbean,2030,0.01697353010367939,-0.8088355578198525,0.8504799476838034,country,saved/country_Peru.pkl
Philippines,PHL,East Asia and Pacific,2030,-0.7762797285651322,-2.6756337604119835,1.1138945233347008,country,saved/country_Philippines.pkl
Poland,POL,Europe and Central Asia,2030,6.933785941194517,6.085881151664749,7.798871537852841,country,saved/country_Poland.pkl
Portugal,PRT,Europe and Central Asia,2030,3.8981387151230655,-0.32690446877905216,8.074940655986195,fallback_region:Europe and Central Asia,saved/region_Europe_and_Central_Asia.pkl
Puerto Rico,PRI,Latin America and Caribbean,2030,-2.5303519598057673,-12.264030122930123,7.089725008887396,fallback_region:Latin America and Caribbean,saved/region_Latin_America_and_Caribbean.pkl
Qatar,QAT,Middle East and North Africa,2030,4.824264848925589,-0.9388268332394978,10.622307146324541,fallback_region:Middle East and North Africa,saved/region_Middle_East_and_North_Africa.pkl
Republic of Korea,KOR,East Asia and Pacific,2030,-0.6322499140846652,-3.9757368299477007,2.38672786300145,fallback_region:East Asia and Pacific,saved/region_East_Asia_and_Pacific.pkl
Republic of Moldova,MDA,Europe and Central Asia,2030,3.8981387151230655,0.0576042979696756,8.130722392817248,fallback_region:Europe and Central Asia,saved/region_Europe_and_Central_Asia.pkl
Romania,ROU,Europe and Central Asia,2030,44.646127395359294,41.0102729899277,48.59222034716382,country,saved/country_Romania.pkl
Russian Federation,RUS,Europe and Central Asia,2030,3.8981387151230655,-0.07404667080930037,8.088637063729998,fallback_region:Europe and Central Asia,saved/region_Europe_and_Central_Asia.pkl
Rwanda,RWA,Sub-Saharan Africa,2030,0.37721454240512153,-0.4134883836740709,1.207610780355032,fallback_region:Sub-Saharan Africa,saved/region_Sub-Saharan_Africa.pkl
Saint Kitts and Nevis,KNA,Latin America and Caribbean,2030,-2.5303519598057673,-12.411493731343407,7.05323630570359,fallback_region:Latin America and Caribbean,saved/region_Latin_America_and_Caribbean.pkl
Saint Lucia,LCA,Latin America and Caribbean,2030,-2.5303519598057673,-11.645413274174336,7.267564209257544,fallback_region:Latin America and Caribbean,saved/region_Latin_America_and_Caribbean.pkl
Saint Martin (French Part),MAF,Latin America and Caribbean,2030,-2.5303519598057673,-12.40351495694628,7.125054146751838,fallback_region:Latin America and Caribbean,saved/region_Latin_America_and_Caribbean.pkl
Saint Vincent and the Grenadines,VCT,Latin America and Caribbean,2030,-2.5303519598057673,-13.05067453718524,6.250570832423673,fallback_region:Latin America and Caribbean,saved/region_Latin_America_and_Caribbean.pkl
Samoa,WSM,East Asia and Pacific,2030,-0.6322499140846652,-3.7691993667162342,2.608702383391498,fallback_region:East Asia and Pacific,saved/region_East_Asia_and_Pacific.pkl
Sao Tome and Principe,STP,Sub-Saharan Africa,2030,0.37721454240512153,-0.48259007644587215,1.1936239963676782,fallback_region:Sub-Saharan Africa,saved/region_Sub-Saharan_Africa.pkl
Saudi Arabia,SAU,Middle East and North Africa,2030,4.824264848925589,-0.7776160017146706,10.608295702189157,fallback_region:Middle East and North Africa,saved/region_Middle_East_and_North_Africa.pkl
Senegal,SEN,Sub-Saharan Africa,2030,0.37721454240512153,-0.4403973439375087,1.165135476081506,fallback_region:Sub-Saharan Africa,saved/region_Sub-Saharan_Africa.pkl
Serbia,SRB,Europe and Central Asia,2030,3.8981387151230655,-0.19724041175470844,8.092772133238842,fallback_region:Europe and Central Asia,saved/region_Europe_and_Central_Asia.pkl
Seychelles,SYC,Sub-Saharan Africa,2030,0.37721454240512153,-0.43384104877961677,1.1190523181918066,fallback_region:Sub-Saharan Africa,saved/region_Sub-Saharan_Africa.pkl
Sierra Leone,SLE,Sub-Saharan Africa,2030,0.37721454240512153,-0.4301278448704075,1.1843000055809048,fallback_region:Sub-Saharan Africa,saved/region_Sub-Saharan_Africa.pkl
Singapore,SGP,East Asia and Pacific,2030,-0.6322499140846652,-3.8251468222567166,2.653976281617634,fallback_region:East Asia and Pacific,saved/region_East_Asia_and_Pacific.pkl
Sint Maarten (Dutch part),SXM,Latin America and Caribbean,2030,-2.5303519598057673,-12.127740010290209,6.526031685251181,fallback_region:Latin America and Caribbean,saved/region_Latin_America_and_Caribbean.pkl
Slovakia,SVK,Europe and Central Asia,2030,3.8981387151230655,-0.24649228919310193,8.15754210929929,fallback_region:Europe and Central Asia,saved/region_Europe_and_Central_Asia.pkl
Slovenia,SVN,Europe and Central Asia,2030,3.8981387151230655,-0.27718432389040343,8.056889117709789,fallback_region:Europe and Central Asia,saved/region_Europe_and_Central_Asia.pkl
Solomon Islands,SLB,East Asia and Pacific,2030,-0.6322499140846652,-3.761935652681559,2.586785919793102,fallback_region:East Asia and Pacific,saved/region_East_Asia_and_Pacific.pkl
Somalia,SOM,Sub-Saharan Africa,2030,0.37721454240512153,-0.3714951272039491,1.197209213406482,fallback_region:Sub-Saharan Africa,saved/region_Sub-Saharan_Africa.pkl
South Africa,ZAF,Sub-Saharan Africa,2030,0.3530876575187008,0.12133562551071328,0.5978503993713205,country,saved/country_South_Africa.pkl
South Sudan,SSD,Sub-Saharan Africa,2030,0.37721454240512153,-0.3922072072533223,1.147912499684981,fallback_region:Sub-Saharan Africa,saved/region_Sub-Saharan_Africa.pkl
Spain,ESP,Europe and Central Asia,2030,3.8981387151230655,-0.6648396694420917,7.979174038644826,fallback_region:Europe and Central Asia,saved/region_Europe_and_Central_Asia.pkl
Sri Lanka,LKA,South Asia,2030,-11.933927301552885,-53.72377400591739,29.272624202479346,country,saved/country_Sri_Lanka.pkl
State of Palestine,PSE,Middle East and North Africa,2030,4.824264848925589,-0.5795384137659413,10.306783207789396,fallback_region:Middle East and North Africa,saved/region_Middle_East_and_North_Africa.pkl
Sudan,SDN,Middle East and North Africa,2030,0.6551649290562164,-0.5684263895284853,2.0013663823715944,country,saved/country_Sudan.pkl
Suriname,SUR,Latin America and Caribbean,2030,-2.5303519598057673,-12.365845468409644,7.530175648304111,fallback_region:Latin America and Caribbean,saved/region_Latin_America_and_Caribbean.pkl
Sweden,SWE,Europe and Central Asia,2030,3.8981387151230655,-0.13240101437163038,8.088170158546795,fallback_region:Europe and Central Asia,saved/region_Europe_and_Central_Asia.pkl
Switzerland,CHE,Europe and Central Asia,2030,3.8981387151230655,0.12655832258573366,8.107377290340764,fallback_region:Europe and Central Asia,saved/region_Europe_and_Central_Asia.pkl
Syrian Arab Republic,SYR,Middle East and North Africa,2030,4.824264848925589,-0.5798665843147269,10.27950594610277,fallback_region:Middle East and North Africa,saved/region_Middle_East_and_North_Africa.pkl
Tajikistan,TJK,Europe and Central Asia,2030,3.8981387151230655,-0.4506182408318206,8.022203804927827,fallback_region:Europe and Central Asia,saved/region_Europe_and_Central_Asia.pkl
Thailand,THA,East Asia and Pacific,2030,-0.8806257176619348,-3.8343900465373473,1.988531421418938,country,saved/country_Thailand.pkl
Timor-Leste,TLS,East Asia and Pacific,2030,-0.6322499140846652,-3.8033232597635123,2.5439672401690796,fallback_region:East Asia and Pacific,saved/region_East_Asia_and_Pacific.pkl
Togo,TGO,Sub-Saharan Africa,2030,0.37721454240512153,-0.44898803881017113,1.1466622368606767,fallback_region:Sub-Saharan Africa,saved/region_Sub-Saharan_Africa.pkl
Tonga,TON,East Asia and Pacific,2030,-0.6322499140846652,-3.814786268464489,2.5650938601604296,fallback_region:East Asia and Pacific,saved/region_East_Asia_and_Pacific.pkl
Trinidad and Tobago,TTO,Latin America and Caribbean,2030,-2.5303519598057673,-12.991622919431034,7.36747868123155,fallback_region:Latin America and Caribbean,saved/region_Latin_America_and_Caribbean.pkl
Tunisia,TUN,Middle East and North Africa,2030,4.824264848925589,-0.5434010189706827,10.546448096144168,fallback_region:Middle East and North Africa,saved/region_Middle_East_and_North_Africa.pkl
Turkmenistan,TKM,Europe and Central Asia,2030,3.8981387151230655,-0.4718803973811619,8.026813360072909,fallback_region:Europe and Central Asia,saved/region_Europe_and_Central_Asia.pkl
Turks and Caicos Islands,TCA,Latin America and Caribbean,2030,-2.5303519598057673,-12.393278417889196,7.043344417907766,fallback_region:Latin America and Caribbean,saved/region_Latin_America_and_Caribbean.pkl
Tuvalu,TUV,East Asia and Pacific,2030,-0.6322499140846652,-3.9395813664179635,2.506357029423365,fallback_region:East Asia and Pacific,saved/region_East_Asia_and_Pacific.pkl
Türkiye,TUR,Middle East and North Africa,2030,4.824264848925589,-0.8267638226291039,10.255016375310962,fallback_region:Middle East and North Africa,saved/region_Middle_East_and_North_Africa.pkl
Uganda,UGA,Sub-Saharan Africa,2030,0.9975457302029631,-0.31172407437622995,2.381536947331516,country,saved/country_Uganda.pkl
Ukraine,UKR,Europe and Central Asia,2030,3.8981387151230655,-0.031786637024387825,8.242416935479328,fallback_region:Europe and Central Asia,saved/region_Europe_and_Central_Asia.pkl
United Arab Emirates,ARE,Middle East and North Africa,2030,4.824264848925589,-0.8529624969218393,10.746683845431146,fallback_region:Middle East and North Africa,saved/region_Middle_East_and_North_Africa.pkl
United Kingdom of Great Britain and Northern Ireland,GBR,Europe and Central Asia,2030,3.8981387151230655,-0.5140587521172069,8.037825336913327,fallback_region:Europe and Central Asia,saved/region_Europe_and_Central_Asia.pkl
United Republic of Tanzania,TZA,Sub-Saharan Africa,2030,0.37721454240512153,-0.40456533213671597,1.1631647597340473,fallback_region:Sub-Saharan Africa,saved/region_Sub-Saharan_Africa.pkl
United States Virgin Islands,VIR,Latin America and Caribbean,2030,-2.5303519598057673,-12.17713219007568,7.101662632465397,fallback_region:Latin America and Caribbean,saved/region_Latin_America_and_Caribbean.pkl
United States of America,USA,North America,2030,0.1726570603338437,0.011476368488846074,0.347751964595,country,saved/country_United_States_of_America.pkl
Uruguay,URY,Latin America and Caribbean,2030,-2.5303519598057673,-12.489582597122617,7.672216376096644,fallback_region:Latin America and Caribbean,saved/region_Latin_America_and_Caribbean.pkl
Uzbekistan,UZB,Europe and Central Asia,2030,3.8981387151230655,-0.23383749718722752,8.33059027181721,fallback_region:Europe and Central Asia,saved/region_Europe_and_Central_Asia.pkl
Vanuatu,VUT,East Asia and Pacific,2030,-0.6322499140846652,-3.8905580356224636,2.6460286555042107,fallback_region:East Asia and Pacific,saved/region_East_Asia_and_Pacific.pkl
Venezuela (Bolivarian Republic of),VEN,Latin America and Caribbean,2030,-2.5303519598057673,-12.129890088860448,6.908580889711312,fallback_region:Latin America and Caribbean,saved/region_Latin_America_and_Caribbean.pkl
Viet Nam,VNM,East Asia and Pacific,2030,0.02982028397842011,-0.1729625979428207,0.22835263196981526,country,saved/country_Viet_Nam.pkl
Yemen,YEM,Middle East and North Africa,2030,4.824264848925589,-0.5546529326192065,10.674211866083006,fallback_region:Middle East and North Africa,saved/region_Middle_East_and_North_Africa.pkl
Zambia,ZMB,Sub-Saharan Africa,2030,0.37721454240512153,-0.3981719545189989,1.152733431857417,fallback_region:Sub-Saharan Africa,saved/region_Sub-Saharan_Africa.pkl
Zimbabwe,ZWE,Sub-Saharan Africa,2030,0.37721454240512153,-0.4584214086757309,1.1120006878247282,fallback_region:Sub-Saharan Africa,saved/region_Sub-Saharan_Africa.pkl
